clean_image,adv_image,noise
clean_20260605_215719_868796.jpg,adv_20260601_200722_033489.jpg,40.6
clean_20260605_215719_868796.jpg,adv_20260601_200726_985328.jpg,23.56
clean_20260605_215719_868796.jpg,adv_20260601_200732_790092.jpg,62.34
clean_20260605_215719_868796.jpg,adv_20260601_200735_190392.jpg,54.09
clean_20260605_215719_868796.jpg,adv_20260601_200737_438642.jpg,33.39
clean_20260605_215719_868796.jpg,adv_20260601_200740_257993.jpg,32.71
clean_20260605_215719_868796.jpg,adv_20260601_200742_857943.jpg,50.83
clean_20260605_215719_868796.jpg,adv_20260601_200745_536431.jpg,47.59
clean_20260605_215719_868796.jpg,adv_20260601_200748_060134.jpg,44.75
clean_20260605_215719_868796.jpg,adv_20260601_200750_768035.jpg,53.48
clean_20260605_215719_868796.jpg,adv_20260601_200753_275939.jpg,53.65
clean_20260605_215719_868796.jpg,adv_20260601_200755_934735.jpg,55.77
clean_20260605_215719_868796.jpg,adv_20260601_200758_560376.jpg,54.83
clean_20260605_215719_868796.jpg,adv_20260601_200801_309674.jpg,55.06
clean_20260605_215719_868796.jpg,adv_20260601_200804_016125.jpg,55.29
clean_20260605_215719_868796.jpg,adv_20260601_200806_798043.jpg,55.34
clean_20260605_215719_868796.jpg,adv_20260601_200809_331978.jpg,54.42
clean_20260605_215719_868796.jpg,adv_20260601_200811_983553.jpg,51.45
clean_20260605_215719_868796.jpg,adv_20260601_200814_628342.jpg,52.4
clean_20260605_215719_868796.jpg,adv_20260605_215748_101872.jpg,31.76
clean_20260605_215719_868796.jpg,adv_20260605_215750_533919.jpg,31.39
clean_20260605_215719_868796.jpg,adv_20260605_215752_721990.jpg,41.83
clean_20260605_215719_868796.jpg,adv_20260605_215755_307287.jpg,41.61
clean_20260605_215719_868796.jpg,adv_20260605_215757_810874.jpg,43.76
clean_20260605_215719_868796.jpg,adv_20260605_215800_592501.jpg,44.22
clean_20260605_215719_868796.jpg,adv_20260605_215803_081455.jpg,44.23
clean_20260605_215719_868796.jpg,adv_20260605_215805_938313.jpg,44.37
clean_20260605_215719_868796.jpg,adv_20260605_215808_796071.jpg,44.66
clean_20260605_215719_868796.jpg,adv_20260605_215812_986796.jpg,44.51
clean_20260605_215719_868796.jpg,adv_20260605_215818_237625.jpg,43.98
clean_20260605_215719_868796.jpg,adv_20260605_215823_308924.jpg,43.57
clean_20260605_215719_868796.jpg,adv_20260605_215829_145319.jpg,42.86
clean_20260605_215719_868796.jpg,adv_20260605_215834_137085.jpg,41.72
clean_20260605_215719_868796.jpg,adv_20260605_215838_559498.jpg,42.36
clean_20260605_215719_868796.jpg,adv_20260605_215843_958127.jpg,42.37
clean_20260605_215719_868796.jpg,adv_20260605_215848_819475.jpg,42.36
clean_20260605_215719_868796.jpg,adv_20260605_215852_690638.jpg,42.91
clean_20260605_215719_868796.jpg,adv_20260605_215857_082744.jpg,43.12
clean_20260605_215719_868796.jpg,adv_20260605_215900_620554.jpg,43.07
clean_20260605_215719_868796.jpg,adv_20260605_215903_720048.jpg,43.07
clean_20260605_215719_868796.jpg,adv_20260605_215909_062375.jpg,43.05
clean_20260605_215719_868796.jpg,adv_20260605_215916_342726.jpg,43.09
clean_20260605_215719_868796.jpg,adv_20260605_215920_532905.jpg,42.78
clean_20260605_215719_868796.jpg,adv_20260605_215924_597056.jpg,42.8
clean_20260605_215719_868796.jpg,adv_20260605_215932_155746.jpg,42.72
clean_20260605_215719_868796.jpg,adv_20260605_215936_620273.jpg,42.9
clean_20260605_215719_868796.jpg,adv_20260605_215939_969450.jpg,42.87
clean_20260605_215719_868796.jpg,adv_20260605_215945_620841.jpg,42.87
clean_20260605_215719_868796.jpg,adv_20260605_215949_643689.jpg,42.7
clean_20260605_215719_868796.jpg,adv_20260605_215955_329492.jpg,41.84
clean_20260605_215719_868796.jpg,adv_20260605_220000_522410.jpg,46.53
clean_20260605_215719_868796.jpg,adv_20260605_220003_401347.jpg,42.09
clean_20260605_215719_868796.jpg,adv_20260605_220008_438069.jpg,42.08
clean_20260605_215719_868796.jpg,adv_20260605_220015_985705.jpg,41.99
clean_20260605_215720_076792.jpg,adv_20260601_200722_033489.jpg,38.55
clean_20260605_215720_076792.jpg,adv_20260601_200726_985328.jpg,23.55
clean_20260605_215720_076792.jpg,adv_20260601_200732_790092.jpg,65.18
clean_20260605_215720_076792.jpg,adv_20260601_200735_190392.jpg,56.57
clean_20260605_215720_076792.jpg,adv_20260601_200737_438642.jpg,33.52
clean_20260605_215720_076792.jpg,adv_20260601_200740_257993.jpg,33.02
clean_20260605_215720_076792.jpg,adv_20260601_200742_857943.jpg,53.29
clean_20260605_215720_076792.jpg,adv_20260601_200745_536431.jpg,50.16
clean_20260605_215720_076792.jpg,adv_20260601_200748_060134.jpg,46.91
clean_20260605_215720_076792.jpg,adv_20260601_200750_768035.jpg,55.93
clean_20260605_215720_076792.jpg,adv_20260601_200753_275939.jpg,56.08
clean_20260605_215720_076792.jpg,adv_20260601_200755_934735.jpg,57.9
clean_20260605_215720_076792.jpg,adv_20260601_200758_560376.jpg,57.53
clean_20260605_215720_076792.jpg,adv_20260601_200801_309674.jpg,57.76
clean_20260605_215720_076792.jpg,adv_20260601_200804_016125.jpg,58.05
clean_20260605_215720_076792.jpg,adv_20260601_200806_798043.jpg,58.02
clean_20260605_215720_076792.jpg,adv_20260601_200809_331978.jpg,57.13
clean_20260605_215720_076792.jpg,adv_20260601_200811_983553.jpg,54.11
clean_20260605_215720_076792.jpg,adv_20260601_200814_628342.jpg,54.69
clean_20260605_215720_076792.jpg,adv_20260605_215748_101872.jpg,31.11
clean_20260605_215720_076792.jpg,adv_20260605_215750_533919.jpg,30.79
clean_20260605_215720_076792.jpg,adv_20260605_215752_721990.jpg,43.66
clean_20260605_215720_076792.jpg,adv_20260605_215755_307287.jpg,43.4
clean_20260605_215720_076792.jpg,adv_20260605_215757_810874.jpg,44.73
clean_20260605_215720_076792.jpg,adv_20260605_215800_592501.jpg,45.17
clean_20260605_215720_076792.jpg,adv_20260605_215803_081455.jpg,45.19
clean_20260605_215720_076792.jpg,adv_20260605_215805_938313.jpg,45.34
clean_20260605_215720_076792.jpg,adv_20260605_215808_796071.jpg,45.63
clean_20260605_215720_076792.jpg,adv_20260605_215812_986796.jpg,45.49
clean_20260605_215720_076792.jpg,adv_20260605_215818_237625.jpg,45.68
clean_20260605_215720_076792.jpg,adv_20260605_215823_308924.jpg,45.26
clean_20260605_215720_076792.jpg,adv_20260605_215829_145319.jpg,44.39
clean_20260605_215720_076792.jpg,adv_20260605_215834_137085.jpg,43.29
clean_20260605_215720_076792.jpg,adv_20260605_215838_559498.jpg,43.89
clean_20260605_215720_076792.jpg,adv_20260605_215843_958127.jpg,43.89
clean_20260605_215720_076792.jpg,adv_20260605_215848_819475.jpg,43.89
clean_20260605_215720_076792.jpg,adv_20260605_215852_690638.jpg,44.41
clean_20260605_215720_076792.jpg,adv_20260605_215857_082744.jpg,44.64
clean_20260605_215720_076792.jpg,adv_20260605_215900_620554.jpg,44.66
clean_20260605_215720_076792.jpg,adv_20260605_215903_720048.jpg,44.67
clean_20260605_215720_076792.jpg,adv_20260605_215909_062375.jpg,44.62
clean_20260605_215720_076792.jpg,adv_20260605_215916_342726.jpg,44.67
clean_20260605_215720_076792.jpg,adv_20260605_215920_532905.jpg,44.35
clean_20260605_215720_076792.jpg,adv_20260605_215924_597056.jpg,44.36
clean_20260605_215720_076792.jpg,adv_20260605_215932_155746.jpg,44.28
clean_20260605_215720_076792.jpg,adv_20260605_215936_620273.jpg,44.51
clean_20260605_215720_076792.jpg,adv_20260605_215939_969450.jpg,44.47
clean_20260605_215720_076792.jpg,adv_20260605_215945_620841.jpg,44.48
clean_20260605_215720_076792.jpg,adv_20260605_215949_643689.jpg,44.23
clean_20260605_215720_076792.jpg,adv_20260605_215955_329492.jpg,43.4
clean_20260605_215720_076792.jpg,adv_20260605_220000_522410.jpg,46.55
clean_20260605_215720_076792.jpg,adv_20260605_220003_401347.jpg,43.45
clean_20260605_215720_076792.jpg,adv_20260605_220008_438069.jpg,43.42
clean_20260605_215720_076792.jpg,adv_20260605_220015_985705.jpg,43.25
clean_20260605_215720_268525.jpg,adv_20260601_200722_033489.jpg,38.05
clean_20260605_215720_268525.jpg,adv_20260601_200726_985328.jpg,23.55
clean_20260605_215720_268525.jpg,adv_20260601_200732_790092.jpg,65.68
clean_20260605_215720_268525.jpg,adv_20260601_200735_190392.jpg,56.96
clean_20260605_215720_268525.jpg,adv_20260601_200737_438642.jpg,33.49
clean_20260605_215720_268525.jpg,adv_20260601_200740_257993.jpg,33.03
clean_20260605_215720_268525.jpg,adv_20260601_200742_857943.jpg,53.69
clean_20260605_215720_268525.jpg,adv_20260601_200745_536431.jpg,50.57
clean_20260605_215720_268525.jpg,adv_20260601_200748_060134.jpg,47.25
clean_20260605_215720_268525.jpg,adv_20260601_200750_768035.jpg,56.34
clean_20260605_215720_268525.jpg,adv_20260601_200753_275939.jpg,56.5
clean_20260605_215720_268525.jpg,adv_20260601_200755_934735.jpg,58.26
clean_20260605_215720_268525.jpg,adv_20260601_200758_560376.jpg,58.02
clean_20260605_215720_268525.jpg,adv_20260601_200801_309674.jpg,58.24
clean_20260605_215720_268525.jpg,adv_20260601_200804_016125.jpg,58.52
clean_20260605_215720_268525.jpg,adv_20260601_200806_798043.jpg,58.49
clean_20260605_215720_268525.jpg,adv_20260601_200809_331978.jpg,57.63
clean_20260605_215720_268525.jpg,adv_20260601_200811_983553.jpg,54.55
clean_20260605_215720_268525.jpg,adv_20260601_200814_628342.jpg,55.06
clean_20260605_215720_268525.jpg,adv_20260605_215748_101872.jpg,31.01
clean_20260605_215720_268525.jpg,adv_20260605_215750_533919.jpg,30.68
clean_20260605_215720_268525.jpg,adv_20260605_215752_721990.jpg,43.92
clean_20260605_215720_268525.jpg,adv_20260605_215755_307287.jpg,43.67
clean_20260605_215720_268525.jpg,adv_20260605_215757_810874.jpg,44.85
clean_20260605_215720_268525.jpg,adv_20260605_215800_592501.jpg,45.29
clean_20260605_215720_268525.jpg,adv_20260605_215803_081455.jpg,45.32
clean_20260605_215720_268525.jpg,adv_20260605_215805_938313.jpg,45.46
clean_20260605_215720_268525.jpg,adv_20260605_215808_796071.jpg,45.74
clean_20260605_215720_268525.jpg,adv_20260605_215812_986796.jpg,45.61
clean_20260605_215720_268525.jpg,adv_20260605_215818_237625.jpg,45.94
clean_20260605_215720_268525.jpg,adv_20260605_215823_308924.jpg,45.52
clean_20260605_215720_268525.jpg,adv_20260605_215829_145319.jpg,44.62
clean_20260605_215720_268525.jpg,adv_20260605_215834_137085.jpg,43.53
clean_20260605_215720_268525.jpg,adv_20260605_215838_559498.jpg,44.1
clean_20260605_215720_268525.jpg,adv_20260605_215843_958127.jpg,44.1
clean_20260605_215720_268525.jpg,adv_20260605_215848_819475.jpg,44.08
clean_20260605_215720_268525.jpg,adv_20260605_215852_690638.jpg,44.63
clean_20260605_215720_268525.jpg,adv_20260605_215857_082744.jpg,44.86
clean_20260605_215720_268525.jpg,adv_20260605_215900_620554.jpg,44.9
clean_20260605_215720_268525.jpg,adv_20260605_215903_720048.jpg,44.87
clean_20260605_215720_268525.jpg,adv_20260605_215909_062375.jpg,44.84
clean_20260605_215720_268525.jpg,adv_20260605_215916_342726.jpg,44.88
clean_20260605_215720_268525.jpg,adv_20260605_215920_532905.jpg,44.56
clean_20260605_215720_268525.jpg,adv_20260605_215924_597056.jpg,44.57
clean_20260605_215720_268525.jpg,adv_20260605_215932_155746.jpg,44.49
clean_20260605_215720_268525.jpg,adv_20260605_215936_620273.jpg,44.74
clean_20260605_215720_268525.jpg,adv_20260605_215939_969450.jpg,44.72
clean_20260605_215720_268525.jpg,adv_20260605_215945_620841.jpg,44.71
clean_20260605_215720_268525.jpg,adv_20260605_215949_643689.jpg,44.45
clean_20260605_215720_268525.jpg,adv_20260605_215955_329492.jpg,43.62
clean_20260605_215720_268525.jpg,adv_20260605_220000_522410.jpg,46.48
clean_20260605_215720_268525.jpg,adv_20260605_220003_401347.jpg,43.63
clean_20260605_215720_268525.jpg,adv_20260605_220008_438069.jpg,43.59
clean_20260605_215720_268525.jpg,adv_20260605_220015_985705.jpg,43.41
clean_20260605_215720_478089.jpg,adv_20260601_200722_033489.jpg,38.0
clean_20260605_215720_478089.jpg,adv_20260601_200726_985328.jpg,23.6
clean_20260605_215720_478089.jpg,adv_20260601_200732_790092.jpg,65.67
clean_20260605_215720_478089.jpg,adv_20260601_200735_190392.jpg,56.98
clean_20260605_215720_478089.jpg,adv_20260601_200737_438642.jpg,33.45
clean_20260605_215720_478089.jpg,adv_20260601_200740_257993.jpg,33.0
clean_20260605_215720_478089.jpg,adv_20260601_200742_857943.jpg,53.63
clean_20260605_215720_478089.jpg,adv_20260601_200745_536431.jpg,50.55
clean_20260605_215720_478089.jpg,adv_20260601_200748_060134.jpg,47.25
clean_20260605_215720_478089.jpg,adv_20260601_200750_768035.jpg,56.35
clean_20260605_215720_478089.jpg,adv_20260601_200753_275939.jpg,56.49
clean_20260605_215720_478089.jpg,adv_20260601_200755_934735.jpg,58.19
clean_20260605_215720_478089.jpg,adv_20260601_200758_560376.jpg,58.0
clean_20260605_215720_478089.jpg,adv_20260601_200801_309674.jpg,58.23
clean_20260605_215720_478089.jpg,adv_20260601_200804_016125.jpg,58.5
clean_20260605_215720_478089.jpg,adv_20260601_200806_798043.jpg,58.47
clean_20260605_215720_478089.jpg,adv_20260601_200809_331978.jpg,57.59
clean_20260605_215720_478089.jpg,adv_20260601_200811_983553.jpg,54.53
clean_20260605_215720_478089.jpg,adv_20260601_200814_628342.jpg,55.03
clean_20260605_215720_478089.jpg,adv_20260605_215748_101872.jpg,31.03
clean_20260605_215720_478089.jpg,adv_20260605_215750_533919.jpg,30.7
clean_20260605_215720_478089.jpg,adv_20260605_215752_721990.jpg,43.94
clean_20260605_215720_478089.jpg,adv_20260605_215755_307287.jpg,43.68
clean_20260605_215720_478089.jpg,adv_20260605_215757_810874.jpg,44.86
clean_20260605_215720_478089.jpg,adv_20260605_215800_592501.jpg,45.31
clean_20260605_215720_478089.jpg,adv_20260605_215803_081455.jpg,45.32
clean_20260605_215720_478089.jpg,adv_20260605_215805_938313.jpg,45.47
clean_20260605_215720_478089.jpg,adv_20260605_215808_796071.jpg,45.75
clean_20260605_215720_478089.jpg,adv_20260605_215812_986796.jpg,45.61
clean_20260605_215720_478089.jpg,adv_20260605_215818_237625.jpg,45.93
clean_20260605_215720_478089.jpg,adv_20260605_215823_308924.jpg,45.52
clean_20260605_215720_478089.jpg,adv_20260605_215829_145319.jpg,44.6
clean_20260605_215720_478089.jpg,adv_20260605_215834_137085.jpg,43.52
clean_20260605_215720_478089.jpg,adv_20260605_215838_559498.jpg,44.08
clean_20260605_215720_478089.jpg,adv_20260605_215843_958127.jpg,44.1
clean_20260605_215720_478089.jpg,adv_20260605_215848_819475.jpg,44.08
clean_20260605_215720_478089.jpg,adv_20260605_215852_690638.jpg,44.63
clean_20260605_215720_478089.jpg,adv_20260605_215857_082744.jpg,44.84
clean_20260605_215720_478089.jpg,adv_20260605_215900_620554.jpg,44.87
clean_20260605_215720_478089.jpg,adv_20260605_215903_720048.jpg,44.87
clean_20260605_215720_478089.jpg,adv_20260605_215909_062375.jpg,44.84
clean_20260605_215720_478089.jpg,adv_20260605_215916_342726.jpg,44.86
clean_20260605_215720_478089.jpg,adv_20260605_215920_532905.jpg,44.55
clean_20260605_215720_478089.jpg,adv_20260605_215924_597056.jpg,44.55
clean_20260605_215720_478089.jpg,adv_20260605_215932_155746.jpg,44.48
clean_20260605_215720_478089.jpg,adv_20260605_215936_620273.jpg,44.74
clean_20260605_215720_478089.jpg,adv_20260605_215939_969450.jpg,44.71
clean_20260605_215720_478089.jpg,adv_20260605_215945_620841.jpg,44.71
clean_20260605_215720_478089.jpg,adv_20260605_215949_643689.jpg,44.45
clean_20260605_215720_478089.jpg,adv_20260605_215955_329492.jpg,43.6
clean_20260605_215720_478089.jpg,adv_20260605_220000_522410.jpg,46.42
clean_20260605_215720_478089.jpg,adv_20260605_220003_401347.jpg,43.62
clean_20260605_215720_478089.jpg,adv_20260605_220008_438069.jpg,43.59
clean_20260605_215720_478089.jpg,adv_20260605_220015_985705.jpg,43.41
clean_20260605_215720_669898.jpg,adv_20260601_200722_033489.jpg,38.02
clean_20260605_215720_669898.jpg,adv_20260601_200726_985328.jpg,23.55
clean_20260605_215720_669898.jpg,adv_20260601_200732_790092.jpg,65.64
clean_20260605_215720_669898.jpg,adv_20260601_200735_190392.jpg,56.93
clean_20260605_215720_669898.jpg,adv_20260601_200737_438642.jpg,33.58
clean_20260605_215720_669898.jpg,adv_20260601_200740_257993.jpg,33.11
clean_20260605_215720_669898.jpg,adv_20260601_200742_857943.jpg,53.64
clean_20260605_215720_669898.jpg,adv_20260601_200745_536431.jpg,50.55
clean_20260605_215720_669898.jpg,adv_20260601_200748_060134.jpg,47.27
clean_20260605_215720_669898.jpg,adv_20260601_200750_768035.jpg,56.33
clean_20260605_215720_669898.jpg,adv_20260601_200753_275939.jpg,56.49
clean_20260605_215720_669898.jpg,adv_20260601_200755_934735.jpg,58.22
clean_20260605_215720_669898.jpg,adv_20260601_200758_560376.jpg,57.98
clean_20260605_215720_669898.jpg,adv_20260601_200801_309674.jpg,58.2
clean_20260605_215720_669898.jpg,adv_20260601_200804_016125.jpg,58.48
clean_20260605_215720_669898.jpg,adv_20260601_200806_798043.jpg,58.45
clean_20260605_215720_669898.jpg,adv_20260601_200809_331978.jpg,57.57
clean_20260605_215720_669898.jpg,adv_20260601_200811_983553.jpg,54.5
clean_20260605_215720_669898.jpg,adv_20260601_200814_628342.jpg,55.01
clean_20260605_215720_669898.jpg,adv_20260605_215748_101872.jpg,31.06
clean_20260605_215720_669898.jpg,adv_20260605_215750_533919.jpg,30.76
clean_20260605_215720_669898.jpg,adv_20260605_215752_721990.jpg,43.94
clean_20260605_215720_669898.jpg,adv_20260605_215755_307287.jpg,43.68
clean_20260605_215720_669898.jpg,adv_20260605_215757_810874.jpg,44.87
clean_20260605_215720_669898.jpg,adv_20260605_215800_592501.jpg,45.3
clean_20260605_215720_669898.jpg,adv_20260605_215803_081455.jpg,45.33
clean_20260605_215720_669898.jpg,adv_20260605_215805_938313.jpg,45.47
clean_20260605_215720_669898.jpg,adv_20260605_215808_796071.jpg,45.75
clean_20260605_215720_669898.jpg,adv_20260605_215812_986796.jpg,45.63
clean_20260605_215720_669898.jpg,adv_20260605_215818_237625.jpg,45.95
clean_20260605_215720_669898.jpg,adv_20260605_215823_308924.jpg,45.53
clean_20260605_215720_669898.jpg,adv_20260605_215829_145319.jpg,44.63
clean_20260605_215720_669898.jpg,adv_20260605_215834_137085.jpg,43.57
clean_20260605_215720_669898.jpg,adv_20260605_215838_559498.jpg,44.12
clean_20260605_215720_669898.jpg,adv_20260605_215843_958127.jpg,44.14
clean_20260605_215720_669898.jpg,adv_20260605_215848_819475.jpg,44.11
clean_20260605_215720_669898.jpg,adv_20260605_215852_690638.jpg,44.65
clean_20260605_215720_669898.jpg,adv_20260605_215857_082744.jpg,44.87
clean_20260605_215720_669898.jpg,adv_20260605_215900_620554.jpg,44.89
clean_20260605_215720_669898.jpg,adv_20260605_215903_720048.jpg,44.89
clean_20260605_215720_669898.jpg,adv_20260605_215909_062375.jpg,44.88
clean_20260605_215720_669898.jpg,adv_20260605_215916_342726.jpg,44.91
clean_20260605_215720_669898.jpg,adv_20260605_215920_532905.jpg,44.59
clean_20260605_215720_669898.jpg,adv_20260605_215924_597056.jpg,44.59
clean_20260605_215720_669898.jpg,adv_20260605_215932_155746.jpg,44.52
clean_20260605_215720_669898.jpg,adv_20260605_215936_620273.jpg,44.77
clean_20260605_215720_669898.jpg,adv_20260605_215939_969450.jpg,44.74
clean_20260605_215720_669898.jpg,adv_20260605_215945_620841.jpg,44.74
clean_20260605_215720_669898.jpg,adv_20260605_215949_643689.jpg,44.48
clean_20260605_215720_669898.jpg,adv_20260605_215955_329492.jpg,43.65
clean_20260605_215720_669898.jpg,adv_20260605_220000_522410.jpg,46.46
clean_20260605_215720_669898.jpg,adv_20260605_220003_401347.jpg,43.67
clean_20260605_215720_669898.jpg,adv_20260605_220008_438069.jpg,43.66
clean_20260605_215720_669898.jpg,adv_20260605_220015_985705.jpg,43.47
clean_20260605_215720_878945.jpg,adv_20260601_200722_033489.jpg,37.99
clean_20260605_215720_878945.jpg,adv_20260601_200726_985328.jpg,23.64
clean_20260605_215720_878945.jpg,adv_20260601_200732_790092.jpg,65.68
clean_20260605_215720_878945.jpg,adv_20260601_200735_190392.jpg,56.99
clean_20260605_215720_878945.jpg,adv_20260601_200737_438642.jpg,33.57
clean_20260605_215720_878945.jpg,adv_20260601_200740_257993.jpg,33.13
clean_20260605_215720_878945.jpg,adv_20260601_200742_857943.jpg,53.71
clean_20260605_215720_878945.jpg,adv_20260601_200745_536431.jpg,50.63
clean_20260605_215720_878945.jpg,adv_20260601_200748_060134.jpg,47.36
clean_20260605_215720_878945.jpg,adv_20260601_200750_768035.jpg,56.38
clean_20260605_215720_878945.jpg,adv_20260601_200753_275939.jpg,56.53
clean_20260605_215720_878945.jpg,adv_20260601_200755_934735.jpg,58.26
clean_20260605_215720_878945.jpg,adv_20260601_200758_560376.jpg,58.04
clean_20260605_215720_878945.jpg,adv_20260601_200801_309674.jpg,58.25
clean_20260605_215720_878945.jpg,adv_20260601_200804_016125.jpg,58.54
clean_20260605_215720_878945.jpg,adv_20260601_200806_798043.jpg,58.49
clean_20260605_215720_878945.jpg,adv_20260601_200809_331978.jpg,57.62
clean_20260605_215720_878945.jpg,adv_20260601_200811_983553.jpg,54.56
clean_20260605_215720_878945.jpg,adv_20260601_200814_628342.jpg,55.07
clean_20260605_215720_878945.jpg,adv_20260605_215748_101872.jpg,31.05
clean_20260605_215720_878945.jpg,adv_20260605_215750_533919.jpg,30.72
clean_20260605_215720_878945.jpg,adv_20260605_215752_721990.jpg,44.0
clean_20260605_215720_878945.jpg,adv_20260605_215755_307287.jpg,43.75
clean_20260605_215720_878945.jpg,adv_20260605_215757_810874.jpg,44.93
clean_20260605_215720_878945.jpg,adv_20260605_215800_592501.jpg,45.35
clean_20260605_215720_878945.jpg,adv_20260605_215803_081455.jpg,45.38
clean_20260605_215720_878945.jpg,adv_20260605_215805_938313.jpg,45.53
clean_20260605_215720_878945.jpg,adv_20260605_215808_796071.jpg,45.82
clean_20260605_215720_878945.jpg,adv_20260605_215812_986796.jpg,45.69
clean_20260605_215720_878945.jpg,adv_20260605_215818_237625.jpg,45.99
clean_20260605_215720_878945.jpg,adv_20260605_215823_308924.jpg,45.57
clean_20260605_215720_878945.jpg,adv_20260605_215829_145319.jpg,44.68
clean_20260605_215720_878945.jpg,adv_20260605_215834_137085.jpg,43.61
clean_20260605_215720_878945.jpg,adv_20260605_215838_559498.jpg,44.15
clean_20260605_215720_878945.jpg,adv_20260605_215843_958127.jpg,44.18
clean_20260605_215720_878945.jpg,adv_20260605_215848_819475.jpg,44.13
clean_20260605_215720_878945.jpg,adv_20260605_215852_690638.jpg,44.71
clean_20260605_215720_878945.jpg,adv_20260605_215857_082744.jpg,44.91
clean_20260605_215720_878945.jpg,adv_20260605_215900_620554.jpg,44.94
clean_20260605_215720_878945.jpg,adv_20260605_215903_720048.jpg,44.92
clean_20260605_215720_878945.jpg,adv_20260605_215909_062375.jpg,44.89
clean_20260605_215720_878945.jpg,adv_20260605_215916_342726.jpg,44.92
clean_20260605_215720_878945.jpg,adv_20260605_215920_532905.jpg,44.63
clean_20260605_215720_878945.jpg,adv_20260605_215924_597056.jpg,44.64
clean_20260605_215720_878945.jpg,adv_20260605_215932_155746.jpg,44.56
clean_20260605_215720_878945.jpg,adv_20260605_215936_620273.jpg,44.83
clean_20260605_215720_878945.jpg,adv_20260605_215939_969450.jpg,44.79
clean_20260605_215720_878945.jpg,adv_20260605_215945_620841.jpg,44.81
clean_20260605_215720_878945.jpg,adv_20260605_215949_643689.jpg,44.54
clean_20260605_215720_878945.jpg,adv_20260605_215955_329492.jpg,43.69
clean_20260605_215720_878945.jpg,adv_20260605_220000_522410.jpg,46.41
clean_20260605_215720_878945.jpg,adv_20260605_220003_401347.jpg,43.68
clean_20260605_215720_878945.jpg,adv_20260605_220008_438069.jpg,43.66
clean_20260605_215720_878945.jpg,adv_20260605_220015_985705.jpg,43.49
clean_20260605_215721_068322.jpg,adv_20260601_200722_033489.jpg,37.93
clean_20260605_215721_068322.jpg,adv_20260601_200726_985328.jpg,23.6
clean_20260605_215721_068322.jpg,adv_20260601_200732_790092.jpg,65.84
clean_20260605_215721_068322.jpg,adv_20260601_200735_190392.jpg,57.13
clean_20260605_215721_068322.jpg,adv_20260601_200737_438642.jpg,33.54
clean_20260605_215721_068322.jpg,adv_20260601_200740_257993.jpg,33.07
clean_20260605_215721_068322.jpg,adv_20260601_200742_857943.jpg,53.8
clean_20260605_215721_068322.jpg,adv_20260601_200745_536431.jpg,50.71
clean_20260605_215721_068322.jpg,adv_20260601_200748_060134.jpg,47.41
clean_20260605_215721_068322.jpg,adv_20260601_200750_768035.jpg,56.54
clean_20260605_215721_068322.jpg,adv_20260601_200753_275939.jpg,56.69
clean_20260605_215721_068322.jpg,adv_20260601_200755_934735.jpg,58.37
clean_20260605_215721_068322.jpg,adv_20260601_200758_560376.jpg,58.17
clean_20260605_215721_068322.jpg,adv_20260601_200801_309674.jpg,58.39
clean_20260605_215721_068322.jpg,adv_20260601_200804_016125.jpg,58.67
clean_20260605_215721_068322.jpg,adv_20260601_200806_798043.jpg,58.65
clean_20260605_215721_068322.jpg,adv_20260601_200809_331978.jpg,57.77
clean_20260605_215721_068322.jpg,adv_20260601_200811_983553.jpg,54.68
clean_20260605_215721_068322.jpg,adv_20260601_200814_628342.jpg,55.23
clean_20260605_215721_068322.jpg,adv_20260605_215748_101872.jpg,30.97
clean_20260605_215721_068322.jpg,adv_20260605_215750_533919.jpg,30.67
clean_20260605_215721_068322.jpg,adv_20260605_215752_721990.jpg,44.01
clean_20260605_215721_068322.jpg,adv_20260605_215755_307287.jpg,43.76
clean_20260605_215721_068322.jpg,adv_20260605_215757_810874.jpg,44.94
clean_20260605_215721_068322.jpg,adv_20260605_215800_592501.jpg,45.38
clean_20260605_215721_068322.jpg,adv_20260605_215803_081455.jpg,45.41
clean_20260605_215721_068322.jpg,adv_20260605_215805_938313.jpg,45.55
clean_20260605_215721_068322.jpg,adv_20260605_215808_796071.jpg,45.83
clean_20260605_215721_068322.jpg,adv_20260605_215812_986796.jpg,45.7
clean_20260605_215721_068322.jpg,adv_20260605_215818_237625.jpg,46.02
clean_20260605_215721_068322.jpg,adv_20260605_215823_308924.jpg,45.58
clean_20260605_215721_068322.jpg,adv_20260605_215829_145319.jpg,44.68
clean_20260605_215721_068322.jpg,adv_20260605_215834_137085.jpg,43.62
clean_20260605_215721_068322.jpg,adv_20260605_215838_559498.jpg,44.17
clean_20260605_215721_068322.jpg,adv_20260605_215843_958127.jpg,44.18
clean_20260605_215721_068322.jpg,adv_20260605_215848_819475.jpg,44.16
clean_20260605_215721_068322.jpg,adv_20260605_215852_690638.jpg,44.73
clean_20260605_215721_068322.jpg,adv_20260605_215857_082744.jpg,44.95
clean_20260605_215721_068322.jpg,adv_20260605_215900_620554.jpg,44.97
clean_20260605_215721_068322.jpg,adv_20260605_215903_720048.jpg,44.97
clean_20260605_215721_068322.jpg,adv_20260605_215909_062375.jpg,44.93
clean_20260605_215721_068322.jpg,adv_20260605_215916_342726.jpg,44.97
clean_20260605_215721_068322.jpg,adv_20260605_215920_532905.jpg,44.63
clean_20260605_215721_068322.jpg,adv_20260605_215924_597056.jpg,44.66
clean_20260605_215721_068322.jpg,adv_20260605_215932_155746.jpg,44.57
clean_20260605_215721_068322.jpg,adv_20260605_215936_620273.jpg,44.83
clean_20260605_215721_068322.jpg,adv_20260605_215939_969450.jpg,44.83
clean_20260605_215721_068322.jpg,adv_20260605_215945_620841.jpg,44.81
clean_20260605_215721_068322.jpg,adv_20260605_215949_643689.jpg,44.54
clean_20260605_215721_068322.jpg,adv_20260605_215955_329492.jpg,43.71
clean_20260605_215721_068322.jpg,adv_20260605_220000_522410.jpg,46.43
clean_20260605_215721_068322.jpg,adv_20260605_220003_401347.jpg,43.69
clean_20260605_215721_068322.jpg,adv_20260605_220008_438069.jpg,43.66
clean_20260605_215721_068322.jpg,adv_20260605_220015_985705.jpg,43.5
clean_20260605_215721_277256.jpg,adv_20260601_200722_033489.jpg,37.66
clean_20260605_215721_277256.jpg,adv_20260601_200726_985328.jpg,23.61
clean_20260605_215721_277256.jpg,adv_20260601_200732_790092.jpg,66.03
clean_20260605_215721_277256.jpg,adv_20260601_200735_190392.jpg,57.29
clean_20260605_215721_277256.jpg,adv_20260601_200737_438642.jpg,33.57
clean_20260605_215721_277256.jpg,adv_20260601_200740_257993.jpg,33.15
clean_20260605_215721_277256.jpg,adv_20260601_200742_857943.jpg,53.97
clean_20260605_215721_277256.jpg,adv_20260601_200745_536431.jpg,50.9
clean_20260605_215721_277256.jpg,adv_20260601_200748_060134.jpg,47.53
clean_20260605_215721_277256.jpg,adv_20260601_200750_768035.jpg,56.66
clean_20260605_215721_277256.jpg,adv_20260601_200753_275939.jpg,56.81
clean_20260605_215721_277256.jpg,adv_20260601_200755_934735.jpg,58.49
clean_20260605_215721_277256.jpg,adv_20260601_200758_560376.jpg,58.37
clean_20260605_215721_277256.jpg,adv_20260601_200801_309674.jpg,58.59
clean_20260605_215721_277256.jpg,adv_20260601_200804_016125.jpg,58.87
clean_20260605_215721_277256.jpg,adv_20260601_200806_798043.jpg,58.83
clean_20260605_215721_277256.jpg,adv_20260601_200809_331978.jpg,57.95
clean_20260605_215721_277256.jpg,adv_20260601_200811_983553.jpg,54.87
clean_20260605_215721_277256.jpg,adv_20260601_200814_628342.jpg,55.35
clean_20260605_215721_277256.jpg,adv_20260605_215748_101872.jpg,30.98
clean_20260605_215721_277256.jpg,adv_20260605_215750_533919.jpg,30.65
clean_20260605_215721_277256.jpg,adv_20260605_215752_721990.jpg,44.19
clean_20260605_215721_277256.jpg,adv_20260605_215755_307287.jpg,43.93
clean_20260605_215721_277256.jpg,adv_20260605_215757_810874.jpg,45.02
clean_20260605_215721_277256.jpg,adv_20260605_215800_592501.jpg,45.47
clean_20260605_215721_277256.jpg,adv_20260605_215803_081455.jpg,45.49
clean_20260605_215721_277256.jpg,adv_20260605_215805_938313.jpg,45.63
clean_20260605_215721_277256.jpg,adv_20260605_215808_796071.jpg,45.91
clean_20260605_215721_277256.jpg,adv_20260605_215812_986796.jpg,45.79
clean_20260605_215721_277256.jpg,adv_20260605_215818_237625.jpg,46.21
clean_20260605_215721_277256.jpg,adv_20260605_215823_308924.jpg,45.75
clean_20260605_215721_277256.jpg,adv_20260605_215829_145319.jpg,44.85
clean_20260605_215721_277256.jpg,adv_20260605_215834_137085.jpg,43.77
clean_20260605_215721_277256.jpg,adv_20260605_215838_559498.jpg,44.29
clean_20260605_215721_277256.jpg,adv_20260605_215843_958127.jpg,44.32
clean_20260605_215721_277256.jpg,adv_20260605_215848_819475.jpg,44.29
clean_20260605_215721_277256.jpg,adv_20260605_215852_690638.jpg,44.87
clean_20260605_215721_277256.jpg,adv_20260605_215857_082744.jpg,45.07
clean_20260605_215721_277256.jpg,adv_20260605_215900_620554.jpg,45.11
clean_20260605_215721_277256.jpg,adv_20260605_215903_720048.jpg,45.11
clean_20260605_215721_277256.jpg,adv_20260605_215909_062375.jpg,45.06
clean_20260605_215721_277256.jpg,adv_20260605_215916_342726.jpg,45.1
clean_20260605_215721_277256.jpg,adv_20260605_215920_532905.jpg,44.78
clean_20260605_215721_277256.jpg,adv_20260605_215924_597056.jpg,44.79
clean_20260605_215721_277256.jpg,adv_20260605_215932_155746.jpg,44.71
clean_20260605_215721_277256.jpg,adv_20260605_215936_620273.jpg,45.0
clean_20260605_215721_277256.jpg,adv_20260605_215939_969450.jpg,44.97
clean_20260605_215721_277256.jpg,adv_20260605_215945_620841.jpg,44.98
clean_20260605_215721_277256.jpg,adv_20260605_215949_643689.jpg,44.68
clean_20260605_215721_277256.jpg,adv_20260605_215955_329492.jpg,43.85
clean_20260605_215721_277256.jpg,adv_20260605_220000_522410.jpg,46.46
clean_20260605_215721_277256.jpg,adv_20260605_220003_401347.jpg,43.82
clean_20260605_215721_277256.jpg,adv_20260605_220008_438069.jpg,43.81
clean_20260605_215721_277256.jpg,adv_20260605_220015_985705.jpg,43.62
clean_20260605_215721_468505.jpg,adv_20260601_200722_033489.jpg,37.56
clean_20260605_215721_468505.jpg,adv_20260601_200726_985328.jpg,23.67
clean_20260605_215721_468505.jpg,adv_20260601_200732_790092.jpg,66.19
clean_20260605_215721_468505.jpg,adv_20260601_200735_190392.jpg,57.39
clean_20260605_215721_468505.jpg,adv_20260601_200737_438642.jpg,33.53
clean_20260605_215721_468505.jpg,adv_20260601_200740_257993.jpg,33.12
clean_20260605_215721_468505.jpg,adv_20260601_200742_857943.jpg,54.09
clean_20260605_215721_468505.jpg,adv_20260601_200745_536431.jpg,51.02
clean_20260605_215721_468505.jpg,adv_20260601_200748_060134.jpg,47.64
clean_20260605_215721_468505.jpg,adv_20260601_200750_768035.jpg,56.77
clean_20260605_215721_468505.jpg,adv_20260601_200753_275939.jpg,56.92
clean_20260605_215721_468505.jpg,adv_20260601_200755_934735.jpg,58.54
clean_20260605_215721_468505.jpg,adv_20260601_200758_560376.jpg,58.51
clean_20260605_215721_468505.jpg,adv_20260601_200801_309674.jpg,58.74
clean_20260605_215721_468505.jpg,adv_20260601_200804_016125.jpg,59.02
clean_20260605_215721_468505.jpg,adv_20260601_200806_798043.jpg,58.98
clean_20260605_215721_468505.jpg,adv_20260601_200809_331978.jpg,58.1
clean_20260605_215721_468505.jpg,adv_20260601_200811_983553.jpg,55.02
clean_20260605_215721_468505.jpg,adv_20260601_200814_628342.jpg,55.42
clean_20260605_215721_468505.jpg,adv_20260605_215748_101872.jpg,30.86
clean_20260605_215721_468505.jpg,adv_20260605_215750_533919.jpg,30.56
clean_20260605_215721_468505.jpg,adv_20260605_215752_721990.jpg,44.21
clean_20260605_215721_468505.jpg,adv_20260605_215755_307287.jpg,43.95
clean_20260605_215721_468505.jpg,adv_20260605_215757_810874.jpg,45.0
clean_20260605_215721_468505.jpg,adv_20260605_215800_592501.jpg,45.45
clean_20260605_215721_468505.jpg,adv_20260605_215803_081455.jpg,45.48
clean_20260605_215721_468505.jpg,adv_20260605_215805_938313.jpg,45.61
clean_20260605_215721_468505.jpg,adv_20260605_215808_796071.jpg,45.89
clean_20260605_215721_468505.jpg,adv_20260605_215812_986796.jpg,45.76
clean_20260605_215721_468505.jpg,adv_20260605_215818_237625.jpg,46.25
clean_20260605_215721_468505.jpg,adv_20260605_215823_308924.jpg,45.79
clean_20260605_215721_468505.jpg,adv_20260605_215829_145319.jpg,44.88
clean_20260605_215721_468505.jpg,adv_20260605_215834_137085.jpg,43.83
clean_20260605_215721_468505.jpg,adv_20260605_215838_559498.jpg,44.35
clean_20260605_215721_468505.jpg,adv_20260605_215843_958127.jpg,44.36
clean_20260605_215721_468505.jpg,adv_20260605_215848_819475.jpg,44.33
clean_20260605_215721_468505.jpg,adv_20260605_215852_690638.jpg,44.91
clean_20260605_215721_468505.jpg,adv_20260605_215857_082744.jpg,45.12
clean_20260605_215721_468505.jpg,adv_20260605_215900_620554.jpg,45.16
clean_20260605_215721_468505.jpg,adv_20260605_215903_720048.jpg,45.15
clean_20260605_215721_468505.jpg,adv_20260605_215909_062375.jpg,45.09
clean_20260605_215721_468505.jpg,adv_20260605_215916_342726.jpg,45.14
clean_20260605_215721_468505.jpg,adv_20260605_215920_532905.jpg,44.82
clean_20260605_215721_468505.jpg,adv_20260605_215924_597056.jpg,44.83
clean_20260605_215721_468505.jpg,adv_20260605_215932_155746.jpg,44.74
clean_20260605_215721_468505.jpg,adv_20260605_215936_620273.jpg,45.05
clean_20260605_215721_468505.jpg,adv_20260605_215939_969450.jpg,45.02
clean_20260605_215721_468505.jpg,adv_20260605_215945_620841.jpg,45.03
clean_20260605_215721_468505.jpg,adv_20260605_215949_643689.jpg,44.71
clean_20260605_215721_468505.jpg,adv_20260605_215955_329492.jpg,43.89
clean_20260605_215721_468505.jpg,adv_20260605_220000_522410.jpg,46.39
clean_20260605_215721_468505.jpg,adv_20260605_220003_401347.jpg,43.83
clean_20260605_215721_468505.jpg,adv_20260605_220008_438069.jpg,43.81
clean_20260605_215721_468505.jpg,adv_20260605_220015_985705.jpg,43.61
clean_20260605_215721_676147.jpg,adv_20260601_200722_033489.jpg,37.55
clean_20260605_215721_676147.jpg,adv_20260601_200726_985328.jpg,23.64
clean_20260605_215721_676147.jpg,adv_20260601_200732_790092.jpg,66.2
clean_20260605_215721_676147.jpg,adv_20260601_200735_190392.jpg,57.45
clean_20260605_215721_676147.jpg,adv_20260601_200737_438642.jpg,33.47
clean_20260605_215721_676147.jpg,adv_20260601_200740_257993.jpg,33.07
clean_20260605_215721_676147.jpg,adv_20260601_200742_857943.jpg,54.1
clean_20260605_215721_676147.jpg,adv_20260601_200745_536431.jpg,51.03
clean_20260605_215721_676147.jpg,adv_20260601_200748_060134.jpg,47.64
clean_20260605_215721_676147.jpg,adv_20260601_200750_768035.jpg,56.82
clean_20260605_215721_676147.jpg,adv_20260601_200753_275939.jpg,56.97
clean_20260605_215721_676147.jpg,adv_20260601_200755_934735.jpg,58.62
clean_20260605_215721_676147.jpg,adv_20260601_200758_560376.jpg,58.51
clean_20260605_215721_676147.jpg,adv_20260601_200801_309674.jpg,58.74
clean_20260605_215721_676147.jpg,adv_20260601_200804_016125.jpg,59.03
clean_20260605_215721_676147.jpg,adv_20260601_200806_798043.jpg,58.98
clean_20260605_215721_676147.jpg,adv_20260601_200809_331978.jpg,58.1
clean_20260605_215721_676147.jpg,adv_20260601_200811_983553.jpg,55.0
clean_20260605_215721_676147.jpg,adv_20260601_200814_628342.jpg,55.46
clean_20260605_215721_676147.jpg,adv_20260605_215748_101872.jpg,30.88
clean_20260605_215721_676147.jpg,adv_20260605_215750_533919.jpg,30.58
clean_20260605_215721_676147.jpg,adv_20260605_215752_721990.jpg,44.26
clean_20260605_215721_676147.jpg,adv_20260605_215755_307287.jpg,43.99
clean_20260605_215721_676147.jpg,adv_20260605_215757_810874.jpg,45.04
clean_20260605_215721_676147.jpg,adv_20260605_215800_592501.jpg,45.48
clean_20260605_215721_676147.jpg,adv_20260605_215803_081455.jpg,45.51
clean_20260605_215721_676147.jpg,adv_20260605_215805_938313.jpg,45.65
clean_20260605_215721_676147.jpg,adv_20260605_215808_796071.jpg,45.93
clean_20260605_215721_676147.jpg,adv_20260605_215812_986796.jpg,45.8
clean_20260605_215721_676147.jpg,adv_20260605_215818_237625.jpg,46.28
clean_20260605_215721_676147.jpg,adv_20260605_215823_308924.jpg,45.83
clean_20260605_215721_676147.jpg,adv_20260605_215829_145319.jpg,44.92
clean_20260605_215721_676147.jpg,adv_20260605_215834_137085.jpg,43.83
clean_20260605_215721_676147.jpg,adv_20260605_215838_559498.jpg,44.37
clean_20260605_215721_676147.jpg,adv_20260605_215843_958127.jpg,44.37
clean_20260605_215721_676147.jpg,adv_20260605_215848_819475.jpg,44.36
clean_20260605_215721_676147.jpg,adv_20260605_215852_690638.jpg,44.93
clean_20260605_215721_676147.jpg,adv_20260605_215857_082744.jpg,45.14
clean_20260605_215721_676147.jpg,adv_20260605_215900_620554.jpg,45.18
clean_20260605_215721_676147.jpg,adv_20260605_215903_720048.jpg,45.18
clean_20260605_215721_676147.jpg,adv_20260605_215909_062375.jpg,45.13
clean_20260605_215721_676147.jpg,adv_20260605_215916_342726.jpg,45.16
clean_20260605_215721_676147.jpg,adv_20260605_215920_532905.jpg,44.85
clean_20260605_215721_676147.jpg,adv_20260605_215924_597056.jpg,44.86
clean_20260605_215721_676147.jpg,adv_20260605_215932_155746.jpg,44.77
clean_20260605_215721_676147.jpg,adv_20260605_215936_620273.jpg,45.08
clean_20260605_215721_676147.jpg,adv_20260605_215939_969450.jpg,45.05
clean_20260605_215721_676147.jpg,adv_20260605_215945_620841.jpg,45.05
clean_20260605_215721_676147.jpg,adv_20260605_215949_643689.jpg,44.75
clean_20260605_215721_676147.jpg,adv_20260605_215955_329492.jpg,43.91
clean_20260605_215721_676147.jpg,adv_20260605_220000_522410.jpg,46.42
clean_20260605_215721_676147.jpg,adv_20260605_220003_401347.jpg,43.83
clean_20260605_215721_676147.jpg,adv_20260605_220008_438069.jpg,43.82
clean_20260605_215721_676147.jpg,adv_20260605_220015_985705.jpg,43.62
clean_20260605_215721_875574.jpg,adv_20260601_200722_033489.jpg,37.77
clean_20260605_215721_875574.jpg,adv_20260601_200726_985328.jpg,23.45
clean_20260605_215721_875574.jpg,adv_20260601_200732_790092.jpg,65.45
clean_20260605_215721_875574.jpg,adv_20260601_200735_190392.jpg,56.75
clean_20260605_215721_875574.jpg,adv_20260601_200737_438642.jpg,33.61
clean_20260605_215721_875574.jpg,adv_20260601_200740_257993.jpg,33.15
clean_20260605_215721_875574.jpg,adv_20260601_200742_857943.jpg,53.45
clean_20260605_215721_875574.jpg,adv_20260601_200745_536431.jpg,50.42
clean_20260605_215721_875574.jpg,adv_20260601_200748_060134.jpg,47.1
clean_20260605_215721_875574.jpg,adv_20260601_200750_768035.jpg,56.15
clean_20260605_215721_875574.jpg,adv_20260601_200753_275939.jpg,56.32
clean_20260605_215721_875574.jpg,adv_20260601_200755_934735.jpg,58.02
clean_20260605_215721_875574.jpg,adv_20260601_200758_560376.jpg,57.8
clean_20260605_215721_875574.jpg,adv_20260601_200801_309674.jpg,58.03
clean_20260605_215721_875574.jpg,adv_20260601_200804_016125.jpg,58.31
clean_20260605_215721_875574.jpg,adv_20260601_200806_798043.jpg,58.28
clean_20260605_215721_875574.jpg,adv_20260601_200809_331978.jpg,57.4
clean_20260605_215721_875574.jpg,adv_20260601_200811_983553.jpg,54.3
clean_20260605_215721_875574.jpg,adv_20260601_200814_628342.jpg,54.8
clean_20260605_215721_875574.jpg,adv_20260605_215748_101872.jpg,31.01
clean_20260605_215721_875574.jpg,adv_20260605_215750_533919.jpg,30.69
clean_20260605_215721_875574.jpg,adv_20260605_215752_721990.jpg,43.98
clean_20260605_215721_875574.jpg,adv_20260605_215755_307287.jpg,43.71
clean_20260605_215721_875574.jpg,adv_20260605_215757_810874.jpg,44.95
clean_20260605_215721_875574.jpg,adv_20260605_215800_592501.jpg,45.38
clean_20260605_215721_875574.jpg,adv_20260605_215803_081455.jpg,45.41
clean_20260605_215721_875574.jpg,adv_20260605_215805_938313.jpg,45.53
clean_20260605_215721_875574.jpg,adv_20260605_215808_796071.jpg,45.81
clean_20260605_215721_875574.jpg,adv_20260605_215812_986796.jpg,45.7
clean_20260605_215721_875574.jpg,adv_20260605_215818_237625.jpg,45.95
clean_20260605_215721_875574.jpg,adv_20260605_215823_308924.jpg,45.49
clean_20260605_215721_875574.jpg,adv_20260605_215829_145319.jpg,44.67
clean_20260605_215721_875574.jpg,adv_20260605_215834_137085.jpg,43.58
clean_20260605_215721_875574.jpg,adv_20260605_215838_559498.jpg,44.14
clean_20260605_215721_875574.jpg,adv_20260605_215843_958127.jpg,44.14
clean_20260605_215721_875574.jpg,adv_20260605_215848_819475.jpg,44.12
clean_20260605_215721_875574.jpg,adv_20260605_215852_690638.jpg,44.68
clean_20260605_215721_875574.jpg,adv_20260605_215857_082744.jpg,44.88
clean_20260605_215721_875574.jpg,adv_20260605_215900_620554.jpg,44.89
clean_20260605_215721_875574.jpg,adv_20260605_215903_720048.jpg,44.89
clean_20260605_215721_875574.jpg,adv_20260605_215909_062375.jpg,44.85
clean_20260605_215721_875574.jpg,adv_20260605_215916_342726.jpg,44.89
clean_20260605_215721_875574.jpg,adv_20260605_215920_532905.jpg,44.56
clean_20260605_215721_875574.jpg,adv_20260605_215924_597056.jpg,44.57
clean_20260605_215721_875574.jpg,adv_20260605_215932_155746.jpg,44.5
clean_20260605_215721_875574.jpg,adv_20260605_215936_620273.jpg,44.78
clean_20260605_215721_875574.jpg,adv_20260605_215939_969450.jpg,44.74
clean_20260605_215721_875574.jpg,adv_20260605_215945_620841.jpg,44.75
clean_20260605_215721_875574.jpg,adv_20260605_215949_643689.jpg,44.48
clean_20260605_215721_875574.jpg,adv_20260605_215955_329492.jpg,43.65
clean_20260605_215721_875574.jpg,adv_20260605_220000_522410.jpg,46.4
clean_20260605_215721_875574.jpg,adv_20260605_220003_401347.jpg,43.6
clean_20260605_215721_875574.jpg,adv_20260605_220008_438069.jpg,43.62
clean_20260605_215721_875574.jpg,adv_20260605_220015_985705.jpg,43.43
clean_20260605_215722_094707.jpg,adv_20260601_200722_033489.jpg,37.88
clean_20260605_215722_094707.jpg,adv_20260601_200726_985328.jpg,23.36
clean_20260605_215722_094707.jpg,adv_20260601_200732_790092.jpg,65.29
clean_20260605_215722_094707.jpg,adv_20260601_200735_190392.jpg,56.61
clean_20260605_215722_094707.jpg,adv_20260601_200737_438642.jpg,33.55
clean_20260605_215722_094707.jpg,adv_20260601_200740_257993.jpg,33.09
clean_20260605_215722_094707.jpg,adv_20260601_200742_857943.jpg,53.33
clean_20260605_215722_094707.jpg,adv_20260601_200745_536431.jpg,50.26
clean_20260605_215722_094707.jpg,adv_20260601_200748_060134.jpg,46.97
clean_20260605_215722_094707.jpg,adv_20260601_200750_768035.jpg,56.02
clean_20260605_215722_094707.jpg,adv_20260601_200753_275939.jpg,56.18
clean_20260605_215722_094707.jpg,adv_20260601_200755_934735.jpg,57.91
clean_20260605_215722_094707.jpg,adv_20260601_200758_560376.jpg,57.63
clean_20260605_215722_094707.jpg,adv_20260601_200801_309674.jpg,57.85
clean_20260605_215722_094707.jpg,adv_20260601_200804_016125.jpg,58.12
clean_20260605_215722_094707.jpg,adv_20260601_200806_798043.jpg,58.11
clean_20260605_215722_094707.jpg,adv_20260601_200809_331978.jpg,57.23
clean_20260605_215722_094707.jpg,adv_20260601_200811_983553.jpg,54.15
clean_20260605_215722_094707.jpg,adv_20260601_200814_628342.jpg,54.7
clean_20260605_215722_094707.jpg,adv_20260605_215748_101872.jpg,31.01
clean_20260605_215722_094707.jpg,adv_20260605_215750_533919.jpg,30.66
clean_20260605_215722_094707.jpg,adv_20260605_215752_721990.jpg,43.84
clean_20260605_215722_094707.jpg,adv_20260605_215755_307287.jpg,43.58
clean_20260605_215722_094707.jpg,adv_20260605_215757_810874.jpg,44.87
clean_20260605_215722_094707.jpg,adv_20260605_215800_592501.jpg,45.29
clean_20260605_215722_094707.jpg,adv_20260605_215803_081455.jpg,45.33
clean_20260605_215722_094707.jpg,adv_20260605_215805_938313.jpg,45.46
clean_20260605_215722_094707.jpg,adv_20260605_215808_796071.jpg,45.75
clean_20260605_215722_094707.jpg,adv_20260605_215812_986796.jpg,45.62
clean_20260605_215722_094707.jpg,adv_20260605_215818_237625.jpg,45.79
clean_20260605_215722_094707.jpg,adv_20260605_215823_308924.jpg,45.37
clean_20260605_215722_094707.jpg,adv_20260605_215829_145319.jpg,44.54
clean_20260605_215722_094707.jpg,adv_20260605_215834_137085.jpg,43.44
clean_20260605_215722_094707.jpg,adv_20260605_215838_559498.jpg,44.01
clean_20260605_215722_094707.jpg,adv_20260605_215843_958127.jpg,44.02
clean_20260605_215722_094707.jpg,adv_20260605_215848_819475.jpg,44.0
clean_20260605_215722_094707.jpg,adv_20260605_215852_690638.jpg,44.53
clean_20260605_215722_094707.jpg,adv_20260605_215857_082744.jpg,44.74
clean_20260605_215722_094707.jpg,adv_20260605_215900_620554.jpg,44.75
clean_20260605_215722_094707.jpg,adv_20260605_215903_720048.jpg,44.74
clean_20260605_215722_094707.jpg,adv_20260605_215909_062375.jpg,44.71
clean_20260605_215722_094707.jpg,adv_20260605_215916_342726.jpg,44.73
clean_20260605_215722_094707.jpg,adv_20260605_215920_532905.jpg,44.43
clean_20260605_215722_094707.jpg,adv_20260605_215924_597056.jpg,44.45
clean_20260605_215722_094707.jpg,adv_20260605_215932_155746.jpg,44.37
clean_20260605_215722_094707.jpg,adv_20260605_215936_620273.jpg,44.64
clean_20260605_215722_094707.jpg,adv_20260605_215939_969450.jpg,44.59
clean_20260605_215722_094707.jpg,adv_20260605_215945_620841.jpg,44.61
clean_20260605_215722_094707.jpg,adv_20260605_215949_643689.jpg,44.33
clean_20260605_215722_094707.jpg,adv_20260605_215955_329492.jpg,43.51
clean_20260605_215722_094707.jpg,adv_20260605_220000_522410.jpg,46.33
clean_20260605_215722_094707.jpg,adv_20260605_220003_401347.jpg,43.5
clean_20260605_215722_094707.jpg,adv_20260605_220008_438069.jpg,43.48
clean_20260605_215722_094707.jpg,adv_20260605_220015_985705.jpg,43.32
clean_20260605_215722_282175.jpg,adv_20260601_200722_033489.jpg,37.58
clean_20260605_215722_282175.jpg,adv_20260601_200726_985328.jpg,23.49
clean_20260605_215722_282175.jpg,adv_20260601_200732_790092.jpg,65.93
clean_20260605_215722_282175.jpg,adv_20260601_200735_190392.jpg,57.15
clean_20260605_215722_282175.jpg,adv_20260601_200737_438642.jpg,33.52
clean_20260605_215722_282175.jpg,adv_20260601_200740_257993.jpg,33.1
clean_20260605_215722_282175.jpg,adv_20260601_200742_857943.jpg,53.83
clean_20260605_215722_282175.jpg,adv_20260601_200745_536431.jpg,50.79
clean_20260605_215722_282175.jpg,adv_20260601_200748_060134.jpg,47.4
clean_20260605_215722_282175.jpg,adv_20260601_200750_768035.jpg,56.55
clean_20260605_215722_282175.jpg,adv_20260601_200753_275939.jpg,56.7
clean_20260605_215722_282175.jpg,adv_20260601_200755_934735.jpg,58.34
clean_20260605_215722_282175.jpg,adv_20260601_200758_560376.jpg,58.23
clean_20260605_215722_282175.jpg,adv_20260601_200801_309674.jpg,58.46
clean_20260605_215722_282175.jpg,adv_20260601_200804_016125.jpg,58.73
clean_20260605_215722_282175.jpg,adv_20260601_200806_798043.jpg,58.7
clean_20260605_215722_282175.jpg,adv_20260601_200809_331978.jpg,57.83
clean_20260605_215722_282175.jpg,adv_20260601_200811_983553.jpg,54.73
clean_20260605_215722_282175.jpg,adv_20260601_200814_628342.jpg,55.18
clean_20260605_215722_282175.jpg,adv_20260605_215748_101872.jpg,30.84
clean_20260605_215722_282175.jpg,adv_20260605_215750_533919.jpg,30.52
clean_20260605_215722_282175.jpg,adv_20260605_215752_721990.jpg,44.1
clean_20260605_215722_282175.jpg,adv_20260605_215755_307287.jpg,43.83
clean_20260605_215722_282175.jpg,adv_20260605_215757_810874.jpg,44.93
clean_20260605_215722_282175.jpg,adv_20260605_215800_592501.jpg,45.36
clean_20260605_215722_282175.jpg,adv_20260605_215803_081455.jpg,45.39
clean_20260605_215722_282175.jpg,adv_20260605_215805_938313.jpg,45.52
clean_20260605_215722_282175.jpg,adv_20260605_215808_796071.jpg,45.81
clean_20260605_215722_282175.jpg,adv_20260605_215812_986796.jpg,45.69
clean_20260605_215722_282175.jpg,adv_20260605_215818_237625.jpg,46.07
clean_20260605_215722_282175.jpg,adv_20260605_215823_308924.jpg,45.62
clean_20260605_215722_282175.jpg,adv_20260605_215829_145319.jpg,44.74
clean_20260605_215722_282175.jpg,adv_20260605_215834_137085.jpg,43.67
clean_20260605_215722_282175.jpg,adv_20260605_215838_559498.jpg,44.21
clean_20260605_215722_282175.jpg,adv_20260605_215843_958127.jpg,44.22
clean_20260605_215722_282175.jpg,adv_20260605_215848_819475.jpg,44.2
clean_20260605_215722_282175.jpg,adv_20260605_215852_690638.jpg,44.75
clean_20260605_215722_282175.jpg,adv_20260605_215857_082744.jpg,44.96
clean_20260605_215722_282175.jpg,adv_20260605_215900_620554.jpg,44.98
clean_20260605_215722_282175.jpg,adv_20260605_215903_720048.jpg,44.97
clean_20260605_215722_282175.jpg,adv_20260605_215909_062375.jpg,44.94
clean_20260605_215722_282175.jpg,adv_20260605_215916_342726.jpg,44.95
clean_20260605_215722_282175.jpg,adv_20260605_215920_532905.jpg,44.65
clean_20260605_215722_282175.jpg,adv_20260605_215924_597056.jpg,44.67
clean_20260605_215722_282175.jpg,adv_20260605_215932_155746.jpg,44.58
clean_20260605_215722_282175.jpg,adv_20260605_215936_620273.jpg,44.87
clean_20260605_215722_282175.jpg,adv_20260605_215939_969450.jpg,44.84
clean_20260605_215722_282175.jpg,adv_20260605_215945_620841.jpg,44.85
clean_20260605_215722_282175.jpg,adv_20260605_215949_643689.jpg,44.54
clean_20260605_215722_282175.jpg,adv_20260605_215955_329492.jpg,43.73
clean_20260605_215722_282175.jpg,adv_20260605_220000_522410.jpg,46.36
clean_20260605_215722_282175.jpg,adv_20260605_220003_401347.jpg,43.7
clean_20260605_215722_282175.jpg,adv_20260605_220008_438069.jpg,43.69
clean_20260605_215722_282175.jpg,adv_20260605_220015_985705.jpg,43.51
clean_20260605_215722_480704.jpg,adv_20260601_200722_033489.jpg,37.45
clean_20260605_215722_480704.jpg,adv_20260601_200726_985328.jpg,23.51
clean_20260605_215722_480704.jpg,adv_20260601_200732_790092.jpg,66.17
clean_20260605_215722_480704.jpg,adv_20260601_200735_190392.jpg,57.37
clean_20260605_215722_480704.jpg,adv_20260601_200737_438642.jpg,33.53
clean_20260605_215722_480704.jpg,adv_20260601_200740_257993.jpg,33.11
clean_20260605_215722_480704.jpg,adv_20260601_200742_857943.jpg,54.05
clean_20260605_215722_480704.jpg,adv_20260601_200745_536431.jpg,51.02
clean_20260605_215722_480704.jpg,adv_20260601_200748_060134.jpg,47.59
clean_20260605_215722_480704.jpg,adv_20260601_200750_768035.jpg,56.76
clean_20260605_215722_480704.jpg,adv_20260601_200753_275939.jpg,56.91
clean_20260605_215722_480704.jpg,adv_20260601_200755_934735.jpg,58.54
clean_20260605_215722_480704.jpg,adv_20260601_200758_560376.jpg,58.47
clean_20260605_215722_480704.jpg,adv_20260601_200801_309674.jpg,58.69
clean_20260605_215722_480704.jpg,adv_20260601_200804_016125.jpg,58.98
clean_20260605_215722_480704.jpg,adv_20260601_200806_798043.jpg,58.94
clean_20260605_215722_480704.jpg,adv_20260601_200809_331978.jpg,58.07
clean_20260605_215722_480704.jpg,adv_20260601_200811_983553.jpg,54.97
clean_20260605_215722_480704.jpg,adv_20260601_200814_628342.jpg,55.39
clean_20260605_215722_480704.jpg,adv_20260605_215748_101872.jpg,30.8
clean_20260605_215722_480704.jpg,adv_20260605_215750_533919.jpg,30.48
clean_20260605_215722_480704.jpg,adv_20260605_215752_721990.jpg,44.24
clean_20260605_215722_480704.jpg,adv_20260605_215755_307287.jpg,43.97
clean_20260605_215722_480704.jpg,adv_20260605_215757_810874.jpg,44.99
clean_20260605_215722_480704.jpg,adv_20260605_215800_592501.jpg,45.43
clean_20260605_215722_480704.jpg,adv_20260605_215803_081455.jpg,45.45
clean_20260605_215722_480704.jpg,adv_20260605_215805_938313.jpg,45.58
clean_20260605_215722_480704.jpg,adv_20260605_215808_796071.jpg,45.87
clean_20260605_215722_480704.jpg,adv_20260605_215812_986796.jpg,45.75
clean_20260605_215722_480704.jpg,adv_20260605_215818_237625.jpg,46.21
clean_20260605_215722_480704.jpg,adv_20260605_215823_308924.jpg,45.77
clean_20260605_215722_480704.jpg,adv_20260605_215829_145319.jpg,44.86
clean_20260605_215722_480704.jpg,adv_20260605_215834_137085.jpg,43.78
clean_20260605_215722_480704.jpg,adv_20260605_215838_559498.jpg,44.33
clean_20260605_215722_480704.jpg,adv_20260605_215843_958127.jpg,44.35
clean_20260605_215722_480704.jpg,adv_20260605_215848_819475.jpg,44.32
clean_20260605_215722_480704.jpg,adv_20260605_215852_690638.jpg,44.88
clean_20260605_215722_480704.jpg,adv_20260605_215857_082744.jpg,45.08
clean_20260605_215722_480704.jpg,adv_20260605_215900_620554.jpg,45.12
clean_20260605_215722_480704.jpg,adv_20260605_215903_720048.jpg,45.1
clean_20260605_215722_480704.jpg,adv_20260605_215909_062375.jpg,45.06
clean_20260605_215722_480704.jpg,adv_20260605_215916_342726.jpg,45.09
clean_20260605_215722_480704.jpg,adv_20260605_215920_532905.jpg,44.77
clean_20260605_215722_480704.jpg,adv_20260605_215924_597056.jpg,44.79
clean_20260605_215722_480704.jpg,adv_20260605_215932_155746.jpg,44.7
clean_20260605_215722_480704.jpg,adv_20260605_215936_620273.jpg,45.0
clean_20260605_215722_480704.jpg,adv_20260605_215939_969450.jpg,44.97
clean_20260605_215722_480704.jpg,adv_20260605_215945_620841.jpg,44.97
clean_20260605_215722_480704.jpg,adv_20260605_215949_643689.jpg,44.67
clean_20260605_215722_480704.jpg,adv_20260605_215955_329492.jpg,43.86
clean_20260605_215722_480704.jpg,adv_20260605_220000_522410.jpg,46.42
clean_20260605_215722_480704.jpg,adv_20260605_220003_401347.jpg,43.81
clean_20260605_215722_480704.jpg,adv_20260605_220008_438069.jpg,43.8
clean_20260605_215722_480704.jpg,adv_20260605_220015_985705.jpg,43.61
clean_20260605_215722_685411.jpg,adv_20260601_200722_033489.jpg,37.34
clean_20260605_215722_685411.jpg,adv_20260601_200726_985328.jpg,23.54
clean_20260605_215722_685411.jpg,adv_20260601_200732_790092.jpg,66.33
clean_20260605_215722_685411.jpg,adv_20260601_200735_190392.jpg,57.5
clean_20260605_215722_685411.jpg,adv_20260601_200737_438642.jpg,33.53
clean_20260605_215722_685411.jpg,adv_20260601_200740_257993.jpg,33.11
clean_20260605_215722_685411.jpg,adv_20260601_200742_857943.jpg,54.16
clean_20260605_215722_685411.jpg,adv_20260601_200745_536431.jpg,51.11
clean_20260605_215722_685411.jpg,adv_20260601_200748_060134.jpg,47.66
clean_20260605_215722_685411.jpg,adv_20260601_200750_768035.jpg,56.89
clean_20260605_215722_685411.jpg,adv_20260601_200753_275939.jpg,57.04
clean_20260605_215722_685411.jpg,adv_20260601_200755_934735.jpg,58.66
clean_20260605_215722_685411.jpg,adv_20260601_200758_560376.jpg,58.6
clean_20260605_215722_685411.jpg,adv_20260601_200801_309674.jpg,58.82
clean_20260605_215722_685411.jpg,adv_20260601_200804_016125.jpg,59.11
clean_20260605_215722_685411.jpg,adv_20260601_200806_798043.jpg,59.07
clean_20260605_215722_685411.jpg,adv_20260601_200809_331978.jpg,58.2
clean_20260605_215722_685411.jpg,adv_20260601_200811_983553.jpg,55.1
clean_20260605_215722_685411.jpg,adv_20260601_200814_628342.jpg,55.53
clean_20260605_215722_685411.jpg,adv_20260605_215748_101872.jpg,30.75
clean_20260605_215722_685411.jpg,adv_20260605_215750_533919.jpg,30.45
clean_20260605_215722_685411.jpg,adv_20260605_215752_721990.jpg,44.29
clean_20260605_215722_685411.jpg,adv_20260605_215755_307287.jpg,44.01
clean_20260605_215722_685411.jpg,adv_20260605_215757_810874.jpg,44.99
clean_20260605_215722_685411.jpg,adv_20260605_215800_592501.jpg,45.43
clean_20260605_215722_685411.jpg,adv_20260605_215803_081455.jpg,45.45
clean_20260605_215722_685411.jpg,adv_20260605_215805_938313.jpg,45.57
clean_20260605_215722_685411.jpg,adv_20260605_215808_796071.jpg,45.86
clean_20260605_215722_685411.jpg,adv_20260605_215812_986796.jpg,45.74
clean_20260605_215722_685411.jpg,adv_20260605_215818_237625.jpg,46.26
clean_20260605_215722_685411.jpg,adv_20260605_215823_308924.jpg,45.82
clean_20260605_215722_685411.jpg,adv_20260605_215829_145319.jpg,44.9
clean_20260605_215722_685411.jpg,adv_20260605_215834_137085.jpg,43.82
clean_20260605_215722_685411.jpg,adv_20260605_215838_559498.jpg,44.35
clean_20260605_215722_685411.jpg,adv_20260605_215843_958127.jpg,44.37
clean_20260605_215722_685411.jpg,adv_20260605_215848_819475.jpg,44.35
clean_20260605_215722_685411.jpg,adv_20260605_215852_690638.jpg,44.9
clean_20260605_215722_685411.jpg,adv_20260605_215857_082744.jpg,45.12
clean_20260605_215722_685411.jpg,adv_20260605_215900_620554.jpg,45.16
clean_20260605_215722_685411.jpg,adv_20260605_215903_720048.jpg,45.14
clean_20260605_215722_685411.jpg,adv_20260605_215909_062375.jpg,45.11
clean_20260605_215722_685411.jpg,adv_20260605_215916_342726.jpg,45.13
clean_20260605_215722_685411.jpg,adv_20260605_215920_532905.jpg,44.81
clean_20260605_215722_685411.jpg,adv_20260605_215924_597056.jpg,44.83
clean_20260605_215722_685411.jpg,adv_20260605_215932_155746.jpg,44.74
clean_20260605_215722_685411.jpg,adv_20260605_215936_620273.jpg,45.05
clean_20260605_215722_685411.jpg,adv_20260605_215939_969450.jpg,45.02
clean_20260605_215722_685411.jpg,adv_20260605_215945_620841.jpg,45.02
clean_20260605_215722_685411.jpg,adv_20260605_215949_643689.jpg,44.71
clean_20260605_215722_685411.jpg,adv_20260605_215955_329492.jpg,43.9
clean_20260605_215722_685411.jpg,adv_20260605_220000_522410.jpg,46.41
clean_20260605_215722_685411.jpg,adv_20260605_220003_401347.jpg,43.82
clean_20260605_215722_685411.jpg,adv_20260605_220008_438069.jpg,43.81
clean_20260605_215722_685411.jpg,adv_20260605_220015_985705.jpg,43.61
clean_20260605_215722_885157.jpg,adv_20260601_200722_033489.jpg,37.29
clean_20260605_215722_885157.jpg,adv_20260601_200726_985328.jpg,23.54
clean_20260605_215722_885157.jpg,adv_20260601_200732_790092.jpg,66.39
clean_20260605_215722_885157.jpg,adv_20260601_200735_190392.jpg,57.56
clean_20260605_215722_885157.jpg,adv_20260601_200737_438642.jpg,33.51
clean_20260605_215722_885157.jpg,adv_20260601_200740_257993.jpg,33.1
clean_20260605_215722_885157.jpg,adv_20260601_200742_857943.jpg,54.22
clean_20260605_215722_885157.jpg,adv_20260601_200745_536431.jpg,51.16
clean_20260605_215722_885157.jpg,adv_20260601_200748_060134.jpg,47.72
clean_20260605_215722_885157.jpg,adv_20260601_200750_768035.jpg,56.96
clean_20260605_215722_885157.jpg,adv_20260601_200753_275939.jpg,57.1
clean_20260605_215722_885157.jpg,adv_20260601_200755_934735.jpg,58.7
clean_20260605_215722_885157.jpg,adv_20260601_200758_560376.jpg,58.67
clean_20260605_215722_885157.jpg,adv_20260601_200801_309674.jpg,58.89
clean_20260605_215722_885157.jpg,adv_20260601_200804_016125.jpg,59.18
clean_20260605_215722_885157.jpg,adv_20260601_200806_798043.jpg,59.13
clean_20260605_215722_885157.jpg,adv_20260601_200809_331978.jpg,58.26
clean_20260605_215722_885157.jpg,adv_20260601_200811_983553.jpg,55.16
clean_20260605_215722_885157.jpg,adv_20260601_200814_628342.jpg,55.58
clean_20260605_215722_885157.jpg,adv_20260605_215748_101872.jpg,30.75
clean_20260605_215722_885157.jpg,adv_20260605_215750_533919.jpg,30.45
clean_20260605_215722_885157.jpg,adv_20260605_215752_721990.jpg,44.33
clean_20260605_215722_885157.jpg,adv_20260605_215755_307287.jpg,44.06
clean_20260605_215722_885157.jpg,adv_20260605_215757_810874.jpg,45.01
clean_20260605_215722_885157.jpg,adv_20260605_215800_592501.jpg,45.44
clean_20260605_215722_885157.jpg,adv_20260605_215803_081455.jpg,45.46
clean_20260605_215722_885157.jpg,adv_20260605_215805_938313.jpg,45.59
clean_20260605_215722_885157.jpg,adv_20260605_215808_796071.jpg,45.88
clean_20260605_215722_885157.jpg,adv_20260605_215812_986796.jpg,45.76
clean_20260605_215722_885157.jpg,adv_20260605_215818_237625.jpg,46.3
clean_20260605_215722_885157.jpg,adv_20260605_215823_308924.jpg,45.87
clean_20260605_215722_885157.jpg,adv_20260605_215829_145319.jpg,44.93
clean_20260605_215722_885157.jpg,adv_20260605_215834_137085.jpg,43.86
clean_20260605_215722_885157.jpg,adv_20260605_215838_559498.jpg,44.39
clean_20260605_215722_885157.jpg,adv_20260605_215843_958127.jpg,44.41
clean_20260605_215722_885157.jpg,adv_20260605_215848_819475.jpg,44.38
clean_20260605_215722_885157.jpg,adv_20260605_215852_690638.jpg,44.95
clean_20260605_215722_885157.jpg,adv_20260605_215857_082744.jpg,45.16
clean_20260605_215722_885157.jpg,adv_20260605_215900_620554.jpg,45.19
clean_20260605_215722_885157.jpg,adv_20260605_215903_720048.jpg,45.18
clean_20260605_215722_885157.jpg,adv_20260605_215909_062375.jpg,45.14
clean_20260605_215722_885157.jpg,adv_20260605_215916_342726.jpg,45.17
clean_20260605_215722_885157.jpg,adv_20260605_215920_532905.jpg,44.85
clean_20260605_215722_885157.jpg,adv_20260605_215924_597056.jpg,44.85
clean_20260605_215722_885157.jpg,adv_20260605_215932_155746.jpg,44.78
clean_20260605_215722_885157.jpg,adv_20260605_215936_620273.jpg,45.09
clean_20260605_215722_885157.jpg,adv_20260605_215939_969450.jpg,45.06
clean_20260605_215722_885157.jpg,adv_20260605_215945_620841.jpg,45.06
clean_20260605_215722_885157.jpg,adv_20260605_215949_643689.jpg,44.74
clean_20260605_215722_885157.jpg,adv_20260605_215955_329492.jpg,43.93
clean_20260605_215722_885157.jpg,adv_20260605_220000_522410.jpg,46.4
clean_20260605_215722_885157.jpg,adv_20260605_220003_401347.jpg,43.85
clean_20260605_215722_885157.jpg,adv_20260605_220008_438069.jpg,43.85
clean_20260605_215722_885157.jpg,adv_20260605_220015_985705.jpg,43.65
clean_20260605_215723_077877.jpg,adv_20260601_200722_033489.jpg,37.31
clean_20260605_215723_077877.jpg,adv_20260601_200726_985328.jpg,23.53
clean_20260605_215723_077877.jpg,adv_20260601_200732_790092.jpg,66.38
clean_20260605_215723_077877.jpg,adv_20260601_200735_190392.jpg,57.55
clean_20260605_215723_077877.jpg,adv_20260601_200737_438642.jpg,33.53
clean_20260605_215723_077877.jpg,adv_20260601_200740_257993.jpg,33.11
clean_20260605_215723_077877.jpg,adv_20260601_200742_857943.jpg,54.21
clean_20260605_215723_077877.jpg,adv_20260601_200745_536431.jpg,51.17
clean_20260605_215723_077877.jpg,adv_20260601_200748_060134.jpg,47.73
clean_20260605_215723_077877.jpg,adv_20260601_200750_768035.jpg,56.93
clean_20260605_215723_077877.jpg,adv_20260601_200753_275939.jpg,57.07
clean_20260605_215723_077877.jpg,adv_20260601_200755_934735.jpg,58.65
clean_20260605_215723_077877.jpg,adv_20260601_200758_560376.jpg,58.66
clean_20260605_215723_077877.jpg,adv_20260601_200801_309674.jpg,58.88
clean_20260605_215723_077877.jpg,adv_20260601_200804_016125.jpg,59.17
clean_20260605_215723_077877.jpg,adv_20260601_200806_798043.jpg,59.12
clean_20260605_215723_077877.jpg,adv_20260601_200809_331978.jpg,58.25
clean_20260605_215723_077877.jpg,adv_20260601_200811_983553.jpg,55.16
clean_20260605_215723_077877.jpg,adv_20260601_200814_628342.jpg,55.55
clean_20260605_215723_077877.jpg,adv_20260605_215748_101872.jpg,30.78
clean_20260605_215723_077877.jpg,adv_20260605_215750_533919.jpg,30.48
clean_20260605_215723_077877.jpg,adv_20260605_215752_721990.jpg,44.33
clean_20260605_215723_077877.jpg,adv_20260605_215755_307287.jpg,44.07
clean_20260605_215723_077877.jpg,adv_20260605_215757_810874.jpg,45.02
clean_20260605_215723_077877.jpg,adv_20260605_215800_592501.jpg,45.46
clean_20260605_215723_077877.jpg,adv_20260605_215803_081455.jpg,45.47
clean_20260605_215723_077877.jpg,adv_20260605_215805_938313.jpg,45.6
clean_20260605_215723_077877.jpg,adv_20260605_215808_796071.jpg,45.89
clean_20260605_215723_077877.jpg,adv_20260605_215812_986796.jpg,45.77
clean_20260605_215723_077877.jpg,adv_20260605_215818_237625.jpg,46.3
clean_20260605_215723_077877.jpg,adv_20260605_215823_308924.jpg,45.88
clean_20260605_215723_077877.jpg,adv_20260605_215829_145319.jpg,44.95
clean_20260605_215723_077877.jpg,adv_20260605_215834_137085.jpg,43.88
clean_20260605_215723_077877.jpg,adv_20260605_215838_559498.jpg,44.4
clean_20260605_215723_077877.jpg,adv_20260605_215843_958127.jpg,44.42
clean_20260605_215723_077877.jpg,adv_20260605_215848_819475.jpg,44.39
clean_20260605_215723_077877.jpg,adv_20260605_215852_690638.jpg,44.97
clean_20260605_215723_077877.jpg,adv_20260605_215857_082744.jpg,45.16
clean_20260605_215723_077877.jpg,adv_20260605_215900_620554.jpg,45.2
clean_20260605_215723_077877.jpg,adv_20260605_215903_720048.jpg,45.19
clean_20260605_215723_077877.jpg,adv_20260605_215909_062375.jpg,45.15
clean_20260605_215723_077877.jpg,adv_20260605_215916_342726.jpg,45.17
clean_20260605_215723_077877.jpg,adv_20260605_215920_532905.jpg,44.86
clean_20260605_215723_077877.jpg,adv_20260605_215924_597056.jpg,44.86
clean_20260605_215723_077877.jpg,adv_20260605_215932_155746.jpg,44.79
clean_20260605_215723_077877.jpg,adv_20260605_215936_620273.jpg,45.09
clean_20260605_215723_077877.jpg,adv_20260605_215939_969450.jpg,45.06
clean_20260605_215723_077877.jpg,adv_20260605_215945_620841.jpg,45.07
clean_20260605_215723_077877.jpg,adv_20260605_215949_643689.jpg,44.75
clean_20260605_215723_077877.jpg,adv_20260605_215955_329492.jpg,43.94
clean_20260605_215723_077877.jpg,adv_20260605_220000_522410.jpg,46.42
clean_20260605_215723_077877.jpg,adv_20260605_220003_401347.jpg,43.86
clean_20260605_215723_077877.jpg,adv_20260605_220008_438069.jpg,43.84
clean_20260605_215723_077877.jpg,adv_20260605_220015_985705.jpg,43.64
clean_20260605_215723_285887.jpg,adv_20260601_200722_033489.jpg,37.31
clean_20260605_215723_285887.jpg,adv_20260601_200726_985328.jpg,23.53
clean_20260605_215723_285887.jpg,adv_20260601_200732_790092.jpg,66.38
clean_20260605_215723_285887.jpg,adv_20260601_200735_190392.jpg,57.56
clean_20260605_215723_285887.jpg,adv_20260601_200737_438642.jpg,33.5
clean_20260605_215723_285887.jpg,adv_20260601_200740_257993.jpg,33.09
clean_20260605_215723_285887.jpg,adv_20260601_200742_857943.jpg,54.23
clean_20260605_215723_285887.jpg,adv_20260601_200745_536431.jpg,51.18
clean_20260605_215723_285887.jpg,adv_20260601_200748_060134.jpg,47.73
clean_20260605_215723_285887.jpg,adv_20260601_200750_768035.jpg,56.95
clean_20260605_215723_285887.jpg,adv_20260601_200753_275939.jpg,57.09
clean_20260605_215723_285887.jpg,adv_20260601_200755_934735.jpg,58.66
clean_20260605_215723_285887.jpg,adv_20260601_200758_560376.jpg,58.67
clean_20260605_215723_285887.jpg,adv_20260601_200801_309674.jpg,58.89
clean_20260605_215723_285887.jpg,adv_20260601_200804_016125.jpg,59.16
clean_20260605_215723_285887.jpg,adv_20260601_200806_798043.jpg,59.12
clean_20260605_215723_285887.jpg,adv_20260601_200809_331978.jpg,58.26
clean_20260605_215723_285887.jpg,adv_20260601_200811_983553.jpg,55.16
clean_20260605_215723_285887.jpg,adv_20260601_200814_628342.jpg,55.57
clean_20260605_215723_285887.jpg,adv_20260605_215748_101872.jpg,30.77
clean_20260605_215723_285887.jpg,adv_20260605_215750_533919.jpg,30.47
clean_20260605_215723_285887.jpg,adv_20260605_215752_721990.jpg,44.34
clean_20260605_215723_285887.jpg,adv_20260605_215755_307287.jpg,44.06
clean_20260605_215723_285887.jpg,adv_20260605_215757_810874.jpg,45.02
clean_20260605_215723_285887.jpg,adv_20260605_215800_592501.jpg,45.46
clean_20260605_215723_285887.jpg,adv_20260605_215803_081455.jpg,45.47
clean_20260605_215723_285887.jpg,adv_20260605_215805_938313.jpg,45.6
clean_20260605_215723_285887.jpg,adv_20260605_215808_796071.jpg,45.9
clean_20260605_215723_285887.jpg,adv_20260605_215812_986796.jpg,45.77
clean_20260605_215723_285887.jpg,adv_20260605_215818_237625.jpg,46.31
clean_20260605_215723_285887.jpg,adv_20260605_215823_308924.jpg,45.89
clean_20260605_215723_285887.jpg,adv_20260605_215829_145319.jpg,44.95
clean_20260605_215723_285887.jpg,adv_20260605_215834_137085.jpg,43.88
clean_20260605_215723_285887.jpg,adv_20260605_215838_559498.jpg,44.4
clean_20260605_215723_285887.jpg,adv_20260605_215843_958127.jpg,44.43
clean_20260605_215723_285887.jpg,adv_20260605_215848_819475.jpg,44.4
clean_20260605_215723_285887.jpg,adv_20260605_215852_690638.jpg,44.96
clean_20260605_215723_285887.jpg,adv_20260605_215857_082744.jpg,45.17
clean_20260605_215723_285887.jpg,adv_20260605_215900_620554.jpg,45.22
clean_20260605_215723_285887.jpg,adv_20260605_215903_720048.jpg,45.2
clean_20260605_215723_285887.jpg,adv_20260605_215909_062375.jpg,45.17
clean_20260605_215723_285887.jpg,adv_20260605_215916_342726.jpg,45.2
clean_20260605_215723_285887.jpg,adv_20260605_215920_532905.jpg,44.86
clean_20260605_215723_285887.jpg,adv_20260605_215924_597056.jpg,44.87
clean_20260605_215723_285887.jpg,adv_20260605_215932_155746.jpg,44.79
clean_20260605_215723_285887.jpg,adv_20260605_215936_620273.jpg,45.09
clean_20260605_215723_285887.jpg,adv_20260605_215939_969450.jpg,45.06
clean_20260605_215723_285887.jpg,adv_20260605_215945_620841.jpg,45.07
clean_20260605_215723_285887.jpg,adv_20260605_215949_643689.jpg,44.76
clean_20260605_215723_285887.jpg,adv_20260605_215955_329492.jpg,43.95
clean_20260605_215723_285887.jpg,adv_20260605_220000_522410.jpg,46.41
clean_20260605_215723_285887.jpg,adv_20260605_220003_401347.jpg,43.85
clean_20260605_215723_285887.jpg,adv_20260605_220008_438069.jpg,43.85
clean_20260605_215723_285887.jpg,adv_20260605_220015_985705.jpg,43.65
clean_20260605_215723_501604.jpg,adv_20260601_200722_033489.jpg,37.3
clean_20260605_215723_501604.jpg,adv_20260601_200726_985328.jpg,23.5
clean_20260605_215723_501604.jpg,adv_20260601_200732_790092.jpg,66.36
clean_20260605_215723_501604.jpg,adv_20260601_200735_190392.jpg,57.54
clean_20260605_215723_501604.jpg,adv_20260601_200737_438642.jpg,33.51
clean_20260605_215723_501604.jpg,adv_20260601_200740_257993.jpg,33.1
clean_20260605_215723_501604.jpg,adv_20260601_200742_857943.jpg,54.22
clean_20260605_215723_501604.jpg,adv_20260601_200745_536431.jpg,51.17
clean_20260605_215723_501604.jpg,adv_20260601_200748_060134.jpg,47.71
clean_20260605_215723_501604.jpg,adv_20260601_200750_768035.jpg,56.94
clean_20260605_215723_501604.jpg,adv_20260601_200753_275939.jpg,57.08
clean_20260605_215723_501604.jpg,adv_20260601_200755_934735.jpg,58.66
clean_20260605_215723_501604.jpg,adv_20260601_200758_560376.jpg,58.65
clean_20260605_215723_501604.jpg,adv_20260601_200801_309674.jpg,58.87
clean_20260605_215723_501604.jpg,adv_20260601_200804_016125.jpg,59.16
clean_20260605_215723_501604.jpg,adv_20260601_200806_798043.jpg,59.1
clean_20260605_215723_501604.jpg,adv_20260601_200809_331978.jpg,58.24
clean_20260605_215723_501604.jpg,adv_20260601_200811_983553.jpg,55.16
clean_20260605_215723_501604.jpg,adv_20260601_200814_628342.jpg,55.54
clean_20260605_215723_501604.jpg,adv_20260605_215748_101872.jpg,30.81
clean_20260605_215723_501604.jpg,adv_20260605_215750_533919.jpg,30.51
clean_20260605_215723_501604.jpg,adv_20260605_215752_721990.jpg,44.36
clean_20260605_215723_501604.jpg,adv_20260605_215755_307287.jpg,44.08
clean_20260605_215723_501604.jpg,adv_20260605_215757_810874.jpg,45.04
clean_20260605_215723_501604.jpg,adv_20260605_215800_592501.jpg,45.47
clean_20260605_215723_501604.jpg,adv_20260605_215803_081455.jpg,45.49
clean_20260605_215723_501604.jpg,adv_20260605_215805_938313.jpg,45.62
clean_20260605_215723_501604.jpg,adv_20260605_215808_796071.jpg,45.91
clean_20260605_215723_501604.jpg,adv_20260605_215812_986796.jpg,45.79
clean_20260605_215723_501604.jpg,adv_20260605_215818_237625.jpg,46.34
clean_20260605_215723_501604.jpg,adv_20260605_215823_308924.jpg,45.91
clean_20260605_215723_501604.jpg,adv_20260605_215829_145319.jpg,44.97
clean_20260605_215723_501604.jpg,adv_20260605_215834_137085.jpg,43.91
clean_20260605_215723_501604.jpg,adv_20260605_215838_559498.jpg,44.43
clean_20260605_215723_501604.jpg,adv_20260605_215843_958127.jpg,44.46
clean_20260605_215723_501604.jpg,adv_20260605_215848_819475.jpg,44.42
clean_20260605_215723_501604.jpg,adv_20260605_215852_690638.jpg,44.98
clean_20260605_215723_501604.jpg,adv_20260605_215857_082744.jpg,45.19
clean_20260605_215723_501604.jpg,adv_20260605_215900_620554.jpg,45.23
clean_20260605_215723_501604.jpg,adv_20260605_215903_720048.jpg,45.22
clean_20260605_215723_501604.jpg,adv_20260605_215909_062375.jpg,45.19
clean_20260605_215723_501604.jpg,adv_20260605_215916_342726.jpg,45.22
clean_20260605_215723_501604.jpg,adv_20260605_215920_532905.jpg,44.88
clean_20260605_215723_501604.jpg,adv_20260605_215924_597056.jpg,44.9
clean_20260605_215723_501604.jpg,adv_20260605_215932_155746.jpg,44.81
clean_20260605_215723_501604.jpg,adv_20260605_215936_620273.jpg,45.12
clean_20260605_215723_501604.jpg,adv_20260605_215939_969450.jpg,45.08
clean_20260605_215723_501604.jpg,adv_20260605_215945_620841.jpg,45.09
clean_20260605_215723_501604.jpg,adv_20260605_215949_643689.jpg,44.78
clean_20260605_215723_501604.jpg,adv_20260605_215955_329492.jpg,43.97
clean_20260605_215723_501604.jpg,adv_20260605_220000_522410.jpg,46.43
clean_20260605_215723_501604.jpg,adv_20260605_220003_401347.jpg,43.89
clean_20260605_215723_501604.jpg,adv_20260605_220008_438069.jpg,43.89
clean_20260605_215723_501604.jpg,adv_20260605_220015_985705.jpg,43.68
clean_20260605_215723_691507.jpg,adv_20260601_200722_033489.jpg,37.28
clean_20260605_215723_691507.jpg,adv_20260601_200726_985328.jpg,23.5
clean_20260605_215723_691507.jpg,adv_20260601_200732_790092.jpg,66.35
clean_20260605_215723_691507.jpg,adv_20260601_200735_190392.jpg,57.53
clean_20260605_215723_691507.jpg,adv_20260601_200737_438642.jpg,33.5
clean_20260605_215723_691507.jpg,adv_20260601_200740_257993.jpg,33.09
clean_20260605_215723_691507.jpg,adv_20260601_200742_857943.jpg,54.18
clean_20260605_215723_691507.jpg,adv_20260601_200745_536431.jpg,51.16
clean_20260605_215723_691507.jpg,adv_20260601_200748_060134.jpg,47.69
clean_20260605_215723_691507.jpg,adv_20260601_200750_768035.jpg,56.93
clean_20260605_215723_691507.jpg,adv_20260601_200753_275939.jpg,57.08
clean_20260605_215723_691507.jpg,adv_20260601_200755_934735.jpg,58.66
clean_20260605_215723_691507.jpg,adv_20260601_200758_560376.jpg,58.65
clean_20260605_215723_691507.jpg,adv_20260601_200801_309674.jpg,58.86
clean_20260605_215723_691507.jpg,adv_20260601_200804_016125.jpg,59.15
clean_20260605_215723_691507.jpg,adv_20260601_200806_798043.jpg,59.09
clean_20260605_215723_691507.jpg,adv_20260601_200809_331978.jpg,58.23
clean_20260605_215723_691507.jpg,adv_20260601_200811_983553.jpg,55.14
clean_20260605_215723_691507.jpg,adv_20260601_200814_628342.jpg,55.54
clean_20260605_215723_691507.jpg,adv_20260605_215748_101872.jpg,30.81
clean_20260605_215723_691507.jpg,adv_20260605_215750_533919.jpg,30.5
clean_20260605_215723_691507.jpg,adv_20260605_215752_721990.jpg,44.34
clean_20260605_215723_691507.jpg,adv_20260605_215755_307287.jpg,44.06
clean_20260605_215723_691507.jpg,adv_20260605_215757_810874.jpg,45.02
clean_20260605_215723_691507.jpg,adv_20260605_215800_592501.jpg,45.45
clean_20260605_215723_691507.jpg,adv_20260605_215803_081455.jpg,45.47
clean_20260605_215723_691507.jpg,adv_20260605_215805_938313.jpg,45.6
clean_20260605_215723_691507.jpg,adv_20260605_215808_796071.jpg,45.89
clean_20260605_215723_691507.jpg,adv_20260605_215812_986796.jpg,45.76
clean_20260605_215723_691507.jpg,adv_20260605_215818_237625.jpg,46.31
clean_20260605_215723_691507.jpg,adv_20260605_215823_308924.jpg,45.9
clean_20260605_215723_691507.jpg,adv_20260605_215829_145319.jpg,44.95
clean_20260605_215723_691507.jpg,adv_20260605_215834_137085.jpg,43.89
clean_20260605_215723_691507.jpg,adv_20260605_215838_559498.jpg,44.41
clean_20260605_215723_691507.jpg,adv_20260605_215843_958127.jpg,44.44
clean_20260605_215723_691507.jpg,adv_20260605_215848_819475.jpg,44.41
clean_20260605_215723_691507.jpg,adv_20260605_215852_690638.jpg,44.97
clean_20260605_215723_691507.jpg,adv_20260605_215857_082744.jpg,45.17
clean_20260605_215723_691507.jpg,adv_20260605_215900_620554.jpg,45.21
clean_20260605_215723_691507.jpg,adv_20260605_215903_720048.jpg,45.2
clean_20260605_215723_691507.jpg,adv_20260605_215909_062375.jpg,45.17
clean_20260605_215723_691507.jpg,adv_20260605_215916_342726.jpg,45.21
clean_20260605_215723_691507.jpg,adv_20260605_215920_532905.jpg,44.87
clean_20260605_215723_691507.jpg,adv_20260605_215924_597056.jpg,44.88
clean_20260605_215723_691507.jpg,adv_20260605_215932_155746.jpg,44.79
clean_20260605_215723_691507.jpg,adv_20260605_215936_620273.jpg,45.1
clean_20260605_215723_691507.jpg,adv_20260605_215939_969450.jpg,45.07
clean_20260605_215723_691507.jpg,adv_20260605_215945_620841.jpg,45.08
clean_20260605_215723_691507.jpg,adv_20260605_215949_643689.jpg,44.77
clean_20260605_215723_691507.jpg,adv_20260605_215955_329492.jpg,43.95
clean_20260605_215723_691507.jpg,adv_20260605_220000_522410.jpg,46.4
clean_20260605_215723_691507.jpg,adv_20260605_220003_401347.jpg,43.87
clean_20260605_215723_691507.jpg,adv_20260605_220008_438069.jpg,43.86
clean_20260605_215723_691507.jpg,adv_20260605_220015_985705.jpg,43.67
clean_20260605_215723_900535.jpg,adv_20260601_200722_033489.jpg,37.14
clean_20260605_215723_900535.jpg,adv_20260601_200726_985328.jpg,23.5
clean_20260605_215723_900535.jpg,adv_20260601_200732_790092.jpg,66.49
clean_20260605_215723_900535.jpg,adv_20260601_200735_190392.jpg,57.64
clean_20260605_215723_900535.jpg,adv_20260601_200737_438642.jpg,33.45
clean_20260605_215723_900535.jpg,adv_20260601_200740_257993.jpg,33.05
clean_20260605_215723_900535.jpg,adv_20260601_200742_857943.jpg,54.28
clean_20260605_215723_900535.jpg,adv_20260601_200745_536431.jpg,51.26
clean_20260605_215723_900535.jpg,adv_20260601_200748_060134.jpg,47.79
clean_20260605_215723_900535.jpg,adv_20260601_200750_768035.jpg,57.04
clean_20260605_215723_900535.jpg,adv_20260601_200753_275939.jpg,57.18
clean_20260605_215723_900535.jpg,adv_20260601_200755_934735.jpg,58.73
clean_20260605_215723_900535.jpg,adv_20260601_200758_560376.jpg,58.78
clean_20260605_215723_900535.jpg,adv_20260601_200801_309674.jpg,58.99
clean_20260605_215723_900535.jpg,adv_20260601_200804_016125.jpg,59.28
clean_20260605_215723_900535.jpg,adv_20260601_200806_798043.jpg,59.22
clean_20260605_215723_900535.jpg,adv_20260601_200809_331978.jpg,58.35
clean_20260605_215723_900535.jpg,adv_20260601_200811_983553.jpg,55.26
clean_20260605_215723_900535.jpg,adv_20260601_200814_628342.jpg,55.62
clean_20260605_215723_900535.jpg,adv_20260605_215748_101872.jpg,30.78
clean_20260605_215723_900535.jpg,adv_20260605_215750_533919.jpg,30.46
clean_20260605_215723_900535.jpg,adv_20260605_215752_721990.jpg,44.41
clean_20260605_215723_900535.jpg,adv_20260605_215755_307287.jpg,44.13
clean_20260605_215723_900535.jpg,adv_20260605_215757_810874.jpg,45.03
clean_20260605_215723_900535.jpg,adv_20260605_215800_592501.jpg,45.45
clean_20260605_215723_900535.jpg,adv_20260605_215803_081455.jpg,45.47
clean_20260605_215723_900535.jpg,adv_20260605_215805_938313.jpg,45.6
clean_20260605_215723_900535.jpg,adv_20260605_215808_796071.jpg,45.9
clean_20260605_215723_900535.jpg,adv_20260605_215812_986796.jpg,45.77
clean_20260605_215723_900535.jpg,adv_20260605_215818_237625.jpg,46.37
clean_20260605_215723_900535.jpg,adv_20260605_215823_308924.jpg,45.94
clean_20260605_215723_900535.jpg,adv_20260605_215829_145319.jpg,45.0
clean_20260605_215723_900535.jpg,adv_20260605_215834_137085.jpg,43.93
clean_20260605_215723_900535.jpg,adv_20260605_215838_559498.jpg,44.45
clean_20260605_215723_900535.jpg,adv_20260605_215843_958127.jpg,44.49
clean_20260605_215723_900535.jpg,adv_20260605_215848_819475.jpg,44.45
clean_20260605_215723_900535.jpg,adv_20260605_215852_690638.jpg,45.01
clean_20260605_215723_900535.jpg,adv_20260605_215857_082744.jpg,45.22
clean_20260605_215723_900535.jpg,adv_20260605_215900_620554.jpg,45.26
clean_20260605_215723_900535.jpg,adv_20260605_215903_720048.jpg,45.24
clean_20260605_215723_900535.jpg,adv_20260605_215909_062375.jpg,45.22
clean_20260605_215723_900535.jpg,adv_20260605_215916_342726.jpg,45.25
clean_20260605_215723_900535.jpg,adv_20260605_215920_532905.jpg,44.91
clean_20260605_215723_900535.jpg,adv_20260605_215924_597056.jpg,44.92
clean_20260605_215723_900535.jpg,adv_20260605_215932_155746.jpg,44.83
clean_20260605_215723_900535.jpg,adv_20260605_215936_620273.jpg,45.15
clean_20260605_215723_900535.jpg,adv_20260605_215939_969450.jpg,45.12
clean_20260605_215723_900535.jpg,adv_20260605_215945_620841.jpg,45.12
clean_20260605_215723_900535.jpg,adv_20260605_215949_643689.jpg,44.8
clean_20260605_215723_900535.jpg,adv_20260605_215955_329492.jpg,43.98
clean_20260605_215723_900535.jpg,adv_20260605_220000_522410.jpg,46.37
clean_20260605_215723_900535.jpg,adv_20260605_220003_401347.jpg,43.89
clean_20260605_215723_900535.jpg,adv_20260605_220008_438069.jpg,43.88
clean_20260605_215723_900535.jpg,adv_20260605_220015_985705.jpg,43.68
clean_20260605_215724_079154.jpg,adv_20260601_200722_033489.jpg,37.11
clean_20260605_215724_079154.jpg,adv_20260601_200726_985328.jpg,23.5
clean_20260605_215724_079154.jpg,adv_20260601_200732_790092.jpg,66.51
clean_20260605_215724_079154.jpg,adv_20260601_200735_190392.jpg,57.66
clean_20260605_215724_079154.jpg,adv_20260601_200737_438642.jpg,33.45
clean_20260605_215724_079154.jpg,adv_20260601_200740_257993.jpg,33.04
clean_20260605_215724_079154.jpg,adv_20260601_200742_857943.jpg,54.29
clean_20260605_215724_079154.jpg,adv_20260601_200745_536431.jpg,51.27
clean_20260605_215724_079154.jpg,adv_20260601_200748_060134.jpg,47.79
clean_20260605_215724_079154.jpg,adv_20260601_200750_768035.jpg,57.06
clean_20260605_215724_079154.jpg,adv_20260601_200753_275939.jpg,57.2
clean_20260605_215724_079154.jpg,adv_20260601_200755_934735.jpg,58.74
clean_20260605_215724_079154.jpg,adv_20260601_200758_560376.jpg,58.8
clean_20260605_215724_079154.jpg,adv_20260601_200801_309674.jpg,59.01
clean_20260605_215724_079154.jpg,adv_20260601_200804_016125.jpg,59.31
clean_20260605_215724_079154.jpg,adv_20260601_200806_798043.jpg,59.24
clean_20260605_215724_079154.jpg,adv_20260601_200809_331978.jpg,58.37
clean_20260605_215724_079154.jpg,adv_20260601_200811_983553.jpg,55.29
clean_20260605_215724_079154.jpg,adv_20260601_200814_628342.jpg,55.65
clean_20260605_215724_079154.jpg,adv_20260605_215748_101872.jpg,30.76
clean_20260605_215724_079154.jpg,adv_20260605_215750_533919.jpg,30.45
clean_20260605_215724_079154.jpg,adv_20260605_215752_721990.jpg,44.38
clean_20260605_215724_079154.jpg,adv_20260605_215755_307287.jpg,44.1
clean_20260605_215724_079154.jpg,adv_20260605_215757_810874.jpg,45.02
clean_20260605_215724_079154.jpg,adv_20260605_215800_592501.jpg,45.45
clean_20260605_215724_079154.jpg,adv_20260605_215803_081455.jpg,45.47
clean_20260605_215724_079154.jpg,adv_20260605_215805_938313.jpg,45.6
clean_20260605_215724_079154.jpg,adv_20260605_215808_796071.jpg,45.89
clean_20260605_215724_079154.jpg,adv_20260605_215812_986796.jpg,45.76
clean_20260605_215724_079154.jpg,adv_20260605_215818_237625.jpg,46.33
clean_20260605_215724_079154.jpg,adv_20260605_215823_308924.jpg,45.91
clean_20260605_215724_079154.jpg,adv_20260605_215829_145319.jpg,44.97
clean_20260605_215724_079154.jpg,adv_20260605_215834_137085.jpg,43.9
clean_20260605_215724_079154.jpg,adv_20260605_215838_559498.jpg,44.43
clean_20260605_215724_079154.jpg,adv_20260605_215843_958127.jpg,44.45
clean_20260605_215724_079154.jpg,adv_20260605_215848_819475.jpg,44.42
clean_20260605_215724_079154.jpg,adv_20260605_215852_690638.jpg,44.98
clean_20260605_215724_079154.jpg,adv_20260605_215857_082744.jpg,45.18
clean_20260605_215724_079154.jpg,adv_20260605_215900_620554.jpg,45.22
clean_20260605_215724_079154.jpg,adv_20260605_215903_720048.jpg,45.22
clean_20260605_215724_079154.jpg,adv_20260605_215909_062375.jpg,45.19
clean_20260605_215724_079154.jpg,adv_20260605_215916_342726.jpg,45.23
clean_20260605_215724_079154.jpg,adv_20260605_215920_532905.jpg,44.88
clean_20260605_215724_079154.jpg,adv_20260605_215924_597056.jpg,44.9
clean_20260605_215724_079154.jpg,adv_20260605_215932_155746.jpg,44.8
clean_20260605_215724_079154.jpg,adv_20260605_215936_620273.jpg,45.12
clean_20260605_215724_079154.jpg,adv_20260605_215939_969450.jpg,45.1
clean_20260605_215724_079154.jpg,adv_20260605_215945_620841.jpg,45.1
clean_20260605_215724_079154.jpg,adv_20260605_215949_643689.jpg,44.77
clean_20260605_215724_079154.jpg,adv_20260605_215955_329492.jpg,43.96
clean_20260605_215724_079154.jpg,adv_20260605_220000_522410.jpg,46.36
clean_20260605_215724_079154.jpg,adv_20260605_220003_401347.jpg,43.86
clean_20260605_215724_079154.jpg,adv_20260605_220008_438069.jpg,43.86
clean_20260605_215724_079154.jpg,adv_20260605_220015_985705.jpg,43.66
clean_20260605_215724_287387.jpg,adv_20260601_200722_033489.jpg,37.01
clean_20260605_215724_287387.jpg,adv_20260601_200726_985328.jpg,23.49
clean_20260605_215724_287387.jpg,adv_20260601_200732_790092.jpg,66.62
clean_20260605_215724_287387.jpg,adv_20260601_200735_190392.jpg,57.74
clean_20260605_215724_287387.jpg,adv_20260601_200737_438642.jpg,33.39
clean_20260605_215724_287387.jpg,adv_20260601_200740_257993.jpg,32.99
clean_20260605_215724_287387.jpg,adv_20260601_200742_857943.jpg,54.39
clean_20260605_215724_287387.jpg,adv_20260601_200745_536431.jpg,51.34
clean_20260605_215724_287387.jpg,adv_20260601_200748_060134.jpg,47.84
clean_20260605_215724_287387.jpg,adv_20260601_200750_768035.jpg,57.14
clean_20260605_215724_287387.jpg,adv_20260601_200753_275939.jpg,57.27
clean_20260605_215724_287387.jpg,adv_20260601_200755_934735.jpg,58.82
clean_20260605_215724_287387.jpg,adv_20260601_200758_560376.jpg,58.9
clean_20260605_215724_287387.jpg,adv_20260601_200801_309674.jpg,59.13
clean_20260605_215724_287387.jpg,adv_20260601_200804_016125.jpg,59.43
clean_20260605_215724_287387.jpg,adv_20260601_200806_798043.jpg,59.35
clean_20260605_215724_287387.jpg,adv_20260601_200809_331978.jpg,58.49
clean_20260605_215724_287387.jpg,adv_20260601_200811_983553.jpg,55.41
clean_20260605_215724_287387.jpg,adv_20260601_200814_628342.jpg,55.75
clean_20260605_215724_287387.jpg,adv_20260605_215748_101872.jpg,30.67
clean_20260605_215724_287387.jpg,adv_20260605_215750_533919.jpg,30.37
clean_20260605_215724_287387.jpg,adv_20260605_215752_721990.jpg,44.43
clean_20260605_215724_287387.jpg,adv_20260605_215755_307287.jpg,44.15
clean_20260605_215724_287387.jpg,adv_20260605_215757_810874.jpg,45.03
clean_20260605_215724_287387.jpg,adv_20260605_215800_592501.jpg,45.46
clean_20260605_215724_287387.jpg,adv_20260605_215803_081455.jpg,45.47
clean_20260605_215724_287387.jpg,adv_20260605_215805_938313.jpg,45.6
clean_20260605_215724_287387.jpg,adv_20260605_215808_796071.jpg,45.88
clean_20260605_215724_287387.jpg,adv_20260605_215812_986796.jpg,45.75
clean_20260605_215724_287387.jpg,adv_20260605_215818_237625.jpg,46.38
clean_20260605_215724_287387.jpg,adv_20260605_215823_308924.jpg,45.96
clean_20260605_215724_287387.jpg,adv_20260605_215829_145319.jpg,45.01
clean_20260605_215724_287387.jpg,adv_20260605_215834_137085.jpg,43.96
clean_20260605_215724_287387.jpg,adv_20260605_215838_559498.jpg,44.46
clean_20260605_215724_287387.jpg,adv_20260605_215843_958127.jpg,44.48
clean_20260605_215724_287387.jpg,adv_20260605_215848_819475.jpg,44.45
clean_20260605_215724_287387.jpg,adv_20260605_215852_690638.jpg,45.03
clean_20260605_215724_287387.jpg,adv_20260605_215857_082744.jpg,45.22
clean_20260605_215724_287387.jpg,adv_20260605_215900_620554.jpg,45.28
clean_20260605_215724_287387.jpg,adv_20260605_215903_720048.jpg,45.28
clean_20260605_215724_287387.jpg,adv_20260605_215909_062375.jpg,45.24
clean_20260605_215724_287387.jpg,adv_20260605_215916_342726.jpg,45.27
clean_20260605_215724_287387.jpg,adv_20260605_215920_532905.jpg,44.93
clean_20260605_215724_287387.jpg,adv_20260605_215924_597056.jpg,44.94
clean_20260605_215724_287387.jpg,adv_20260605_215932_155746.jpg,44.85
clean_20260605_215724_287387.jpg,adv_20260605_215936_620273.jpg,45.18
clean_20260605_215724_287387.jpg,adv_20260605_215939_969450.jpg,45.15
clean_20260605_215724_287387.jpg,adv_20260605_215945_620841.jpg,45.15
clean_20260605_215724_287387.jpg,adv_20260605_215949_643689.jpg,44.82
clean_20260605_215724_287387.jpg,adv_20260605_215955_329492.jpg,44.02
clean_20260605_215724_287387.jpg,adv_20260605_220000_522410.jpg,46.42
clean_20260605_215724_287387.jpg,adv_20260605_220003_401347.jpg,43.91
clean_20260605_215724_287387.jpg,adv_20260605_220008_438069.jpg,43.89
clean_20260605_215724_287387.jpg,adv_20260605_220015_985705.jpg,43.67
clean_20260605_215724_478829.jpg,adv_20260601_200722_033489.jpg,37.01
clean_20260605_215724_478829.jpg,adv_20260601_200726_985328.jpg,23.45
clean_20260605_215724_478829.jpg,adv_20260601_200732_790092.jpg,66.65
clean_20260605_215724_478829.jpg,adv_20260601_200735_190392.jpg,57.76
clean_20260605_215724_478829.jpg,adv_20260601_200737_438642.jpg,33.42
clean_20260605_215724_478829.jpg,adv_20260601_200740_257993.jpg,33.02
clean_20260605_215724_478829.jpg,adv_20260601_200742_857943.jpg,54.43
clean_20260605_215724_478829.jpg,adv_20260601_200745_536431.jpg,51.37
clean_20260605_215724_478829.jpg,adv_20260601_200748_060134.jpg,47.88
clean_20260605_215724_478829.jpg,adv_20260601_200750_768035.jpg,57.17
clean_20260605_215724_478829.jpg,adv_20260601_200753_275939.jpg,57.3
clean_20260605_215724_478829.jpg,adv_20260601_200755_934735.jpg,58.85
clean_20260605_215724_478829.jpg,adv_20260601_200758_560376.jpg,58.95
clean_20260605_215724_478829.jpg,adv_20260601_200801_309674.jpg,59.18
clean_20260605_215724_478829.jpg,adv_20260601_200804_016125.jpg,59.48
clean_20260605_215724_478829.jpg,adv_20260601_200806_798043.jpg,59.39
clean_20260605_215724_478829.jpg,adv_20260601_200809_331978.jpg,58.53
clean_20260605_215724_478829.jpg,adv_20260601_200811_983553.jpg,55.45
clean_20260605_215724_478829.jpg,adv_20260601_200814_628342.jpg,55.8
clean_20260605_215724_478829.jpg,adv_20260605_215748_101872.jpg,30.67
clean_20260605_215724_478829.jpg,adv_20260605_215750_533919.jpg,30.35
clean_20260605_215724_478829.jpg,adv_20260605_215752_721990.jpg,44.48
clean_20260605_215724_478829.jpg,adv_20260605_215755_307287.jpg,44.2
clean_20260605_215724_478829.jpg,adv_20260605_215757_810874.jpg,45.04
clean_20260605_215724_478829.jpg,adv_20260605_215800_592501.jpg,45.47
clean_20260605_215724_478829.jpg,adv_20260605_215803_081455.jpg,45.47
clean_20260605_215724_478829.jpg,adv_20260605_215805_938313.jpg,45.6
clean_20260605_215724_478829.jpg,adv_20260605_215808_796071.jpg,45.89
clean_20260605_215724_478829.jpg,adv_20260605_215812_986796.jpg,45.76
clean_20260605_215724_478829.jpg,adv_20260605_215818_237625.jpg,46.42
clean_20260605_215724_478829.jpg,adv_20260605_215823_308924.jpg,45.98
clean_20260605_215724_478829.jpg,adv_20260605_215829_145319.jpg,45.04
clean_20260605_215724_478829.jpg,adv_20260605_215834_137085.jpg,43.99
clean_20260605_215724_478829.jpg,adv_20260605_215838_559498.jpg,44.49
clean_20260605_215724_478829.jpg,adv_20260605_215843_958127.jpg,44.51
clean_20260605_215724_478829.jpg,adv_20260605_215848_819475.jpg,44.49
clean_20260605_215724_478829.jpg,adv_20260605_215852_690638.jpg,45.06
clean_20260605_215724_478829.jpg,adv_20260605_215857_082744.jpg,45.26
clean_20260605_215724_478829.jpg,adv_20260605_215900_620554.jpg,45.32
clean_20260605_215724_478829.jpg,adv_20260605_215903_720048.jpg,45.33
clean_20260605_215724_478829.jpg,adv_20260605_215909_062375.jpg,45.27
clean_20260605_215724_478829.jpg,adv_20260605_215916_342726.jpg,45.3
clean_20260605_215724_478829.jpg,adv_20260605_215920_532905.jpg,44.97
clean_20260605_215724_478829.jpg,adv_20260605_215924_597056.jpg,44.98
clean_20260605_215724_478829.jpg,adv_20260605_215932_155746.jpg,44.89
clean_20260605_215724_478829.jpg,adv_20260605_215936_620273.jpg,45.23
clean_20260605_215724_478829.jpg,adv_20260605_215939_969450.jpg,45.21
clean_20260605_215724_478829.jpg,adv_20260605_215945_620841.jpg,45.2
clean_20260605_215724_478829.jpg,adv_20260605_215949_643689.jpg,44.86
clean_20260605_215724_478829.jpg,adv_20260605_215955_329492.jpg,44.07
clean_20260605_215724_478829.jpg,adv_20260605_220000_522410.jpg,46.54
clean_20260605_215724_478829.jpg,adv_20260605_220003_401347.jpg,43.97
clean_20260605_215724_478829.jpg,adv_20260605_220008_438069.jpg,43.96
clean_20260605_215724_478829.jpg,adv_20260605_220015_985705.jpg,43.73
clean_20260605_215724_687374.jpg,adv_20260601_200722_033489.jpg,36.96
clean_20260605_215724_687374.jpg,adv_20260601_200726_985328.jpg,23.48
clean_20260605_215724_687374.jpg,adv_20260601_200732_790092.jpg,66.74
clean_20260605_215724_687374.jpg,adv_20260601_200735_190392.jpg,57.84
clean_20260605_215724_687374.jpg,adv_20260601_200737_438642.jpg,33.43
clean_20260605_215724_687374.jpg,adv_20260601_200740_257993.jpg,33.04
clean_20260605_215724_687374.jpg,adv_20260601_200742_857943.jpg,54.52
clean_20260605_215724_687374.jpg,adv_20260601_200745_536431.jpg,51.46
clean_20260605_215724_687374.jpg,adv_20260601_200748_060134.jpg,47.96
clean_20260605_215724_687374.jpg,adv_20260601_200750_768035.jpg,57.25
clean_20260605_215724_687374.jpg,adv_20260601_200753_275939.jpg,57.38
clean_20260605_215724_687374.jpg,adv_20260601_200755_934735.jpg,58.92
clean_20260605_215724_687374.jpg,adv_20260601_200758_560376.jpg,59.03
clean_20260605_215724_687374.jpg,adv_20260601_200801_309674.jpg,59.25
clean_20260605_215724_687374.jpg,adv_20260601_200804_016125.jpg,59.56
clean_20260605_215724_687374.jpg,adv_20260601_200806_798043.jpg,59.47
clean_20260605_215724_687374.jpg,adv_20260601_200809_331978.jpg,58.61
clean_20260605_215724_687374.jpg,adv_20260601_200811_983553.jpg,55.52
clean_20260605_215724_687374.jpg,adv_20260601_200814_628342.jpg,55.87
clean_20260605_215724_687374.jpg,adv_20260605_215748_101872.jpg,30.63
clean_20260605_215724_687374.jpg,adv_20260605_215750_533919.jpg,30.33
clean_20260605_215724_687374.jpg,adv_20260605_215752_721990.jpg,44.57
clean_20260605_215724_687374.jpg,adv_20260605_215755_307287.jpg,44.29
clean_20260605_215724_687374.jpg,adv_20260605_215757_810874.jpg,45.11
clean_20260605_215724_687374.jpg,adv_20260605_215800_592501.jpg,45.55
clean_20260605_215724_687374.jpg,adv_20260605_215803_081455.jpg,45.54
clean_20260605_215724_687374.jpg,adv_20260605_215805_938313.jpg,45.66
clean_20260605_215724_687374.jpg,adv_20260605_215808_796071.jpg,45.95
clean_20260605_215724_687374.jpg,adv_20260605_215812_986796.jpg,45.83
clean_20260605_215724_687374.jpg,adv_20260605_215818_237625.jpg,46.51
clean_20260605_215724_687374.jpg,adv_20260605_215823_308924.jpg,46.07
clean_20260605_215724_687374.jpg,adv_20260605_215829_145319.jpg,45.13
clean_20260605_215724_687374.jpg,adv_20260605_215834_137085.jpg,44.07
clean_20260605_215724_687374.jpg,adv_20260605_215838_559498.jpg,44.58
clean_20260605_215724_687374.jpg,adv_20260605_215843_958127.jpg,44.6
clean_20260605_215724_687374.jpg,adv_20260605_215848_819475.jpg,44.58
clean_20260605_215724_687374.jpg,adv_20260605_215852_690638.jpg,45.15
clean_20260605_215724_687374.jpg,adv_20260605_215857_082744.jpg,45.35
clean_20260605_215724_687374.jpg,adv_20260605_215900_620554.jpg,45.41
clean_20260605_215724_687374.jpg,adv_20260605_215903_720048.jpg,45.42
clean_20260605_215724_687374.jpg,adv_20260605_215909_062375.jpg,45.36
clean_20260605_215724_687374.jpg,adv_20260605_215916_342726.jpg,45.39
clean_20260605_215724_687374.jpg,adv_20260605_215920_532905.jpg,45.06
clean_20260605_215724_687374.jpg,adv_20260605_215924_597056.jpg,45.06
clean_20260605_215724_687374.jpg,adv_20260605_215932_155746.jpg,44.97
clean_20260605_215724_687374.jpg,adv_20260605_215936_620273.jpg,45.31
clean_20260605_215724_687374.jpg,adv_20260605_215939_969450.jpg,45.29
clean_20260605_215724_687374.jpg,adv_20260605_215945_620841.jpg,45.28
clean_20260605_215724_687374.jpg,adv_20260605_215949_643689.jpg,44.94
clean_20260605_215724_687374.jpg,adv_20260605_215955_329492.jpg,44.14
clean_20260605_215724_687374.jpg,adv_20260605_220000_522410.jpg,46.55
clean_20260605_215724_687374.jpg,adv_20260605_220003_401347.jpg,44.03
clean_20260605_215724_687374.jpg,adv_20260605_220008_438069.jpg,44.01
clean_20260605_215724_687374.jpg,adv_20260605_220015_985705.jpg,43.79
clean_20260605_215724_879478.jpg,adv_20260601_200722_033489.jpg,37.01
clean_20260605_215724_879478.jpg,adv_20260601_200726_985328.jpg,23.49
clean_20260605_215724_879478.jpg,adv_20260601_200732_790092.jpg,66.71
clean_20260605_215724_879478.jpg,adv_20260601_200735_190392.jpg,57.85
clean_20260605_215724_879478.jpg,adv_20260601_200737_438642.jpg,33.44
clean_20260605_215724_879478.jpg,adv_20260601_200740_257993.jpg,33.04
clean_20260605_215724_879478.jpg,adv_20260601_200742_857943.jpg,54.5
clean_20260605_215724_879478.jpg,adv_20260601_200745_536431.jpg,51.44
clean_20260605_215724_879478.jpg,adv_20260601_200748_060134.jpg,47.96
clean_20260605_215724_879478.jpg,adv_20260601_200750_768035.jpg,57.25
clean_20260605_215724_879478.jpg,adv_20260601_200753_275939.jpg,57.37
clean_20260605_215724_879478.jpg,adv_20260601_200755_934735.jpg,58.92
clean_20260605_215724_879478.jpg,adv_20260601_200758_560376.jpg,59.01
clean_20260605_215724_879478.jpg,adv_20260601_200801_309674.jpg,59.24
clean_20260605_215724_879478.jpg,adv_20260601_200804_016125.jpg,59.54
clean_20260605_215724_879478.jpg,adv_20260601_200806_798043.jpg,59.46
clean_20260605_215724_879478.jpg,adv_20260601_200809_331978.jpg,58.6
clean_20260605_215724_879478.jpg,adv_20260601_200811_983553.jpg,55.5
clean_20260605_215724_879478.jpg,adv_20260601_200814_628342.jpg,55.87
clean_20260605_215724_879478.jpg,adv_20260605_215748_101872.jpg,30.66
clean_20260605_215724_879478.jpg,adv_20260605_215750_533919.jpg,30.36
clean_20260605_215724_879478.jpg,adv_20260605_215752_721990.jpg,44.52
clean_20260605_215724_879478.jpg,adv_20260605_215755_307287.jpg,44.24
clean_20260605_215724_879478.jpg,adv_20260605_215757_810874.jpg,45.1
clean_20260605_215724_879478.jpg,adv_20260605_215800_592501.jpg,45.54
clean_20260605_215724_879478.jpg,adv_20260605_215803_081455.jpg,45.53
clean_20260605_215724_879478.jpg,adv_20260605_215805_938313.jpg,45.66
clean_20260605_215724_879478.jpg,adv_20260605_215808_796071.jpg,45.95
clean_20260605_215724_879478.jpg,adv_20260605_215812_986796.jpg,45.82
clean_20260605_215724_879478.jpg,adv_20260605_215818_237625.jpg,46.47
clean_20260605_215724_879478.jpg,adv_20260605_215823_308924.jpg,46.04
clean_20260605_215724_879478.jpg,adv_20260605_215829_145319.jpg,45.1
clean_20260605_215724_879478.jpg,adv_20260605_215834_137085.jpg,44.02
clean_20260605_215724_879478.jpg,adv_20260605_215838_559498.jpg,44.54
clean_20260605_215724_879478.jpg,adv_20260605_215843_958127.jpg,44.56
clean_20260605_215724_879478.jpg,adv_20260605_215848_819475.jpg,44.54
clean_20260605_215724_879478.jpg,adv_20260605_215852_690638.jpg,45.12
clean_20260605_215724_879478.jpg,adv_20260605_215857_082744.jpg,45.31
clean_20260605_215724_879478.jpg,adv_20260605_215900_620554.jpg,45.37
clean_20260605_215724_879478.jpg,adv_20260605_215903_720048.jpg,45.38
clean_20260605_215724_879478.jpg,adv_20260605_215909_062375.jpg,45.33
clean_20260605_215724_879478.jpg,adv_20260605_215916_342726.jpg,45.36
clean_20260605_215724_879478.jpg,adv_20260605_215920_532905.jpg,45.03
clean_20260605_215724_879478.jpg,adv_20260605_215924_597056.jpg,45.03
clean_20260605_215724_879478.jpg,adv_20260605_215932_155746.jpg,44.95
clean_20260605_215724_879478.jpg,adv_20260605_215936_620273.jpg,45.28
clean_20260605_215724_879478.jpg,adv_20260605_215939_969450.jpg,45.26
clean_20260605_215724_879478.jpg,adv_20260605_215945_620841.jpg,45.25
clean_20260605_215724_879478.jpg,adv_20260605_215949_643689.jpg,44.92
clean_20260605_215724_879478.jpg,adv_20260605_215955_329492.jpg,44.11
clean_20260605_215724_879478.jpg,adv_20260605_220000_522410.jpg,46.56
clean_20260605_215724_879478.jpg,adv_20260605_220003_401347.jpg,44.01
clean_20260605_215724_879478.jpg,adv_20260605_220008_438069.jpg,43.98
clean_20260605_215724_879478.jpg,adv_20260605_220015_985705.jpg,43.77
clean_20260605_215725_098989.jpg,adv_20260601_200722_033489.jpg,37.03
clean_20260605_215725_098989.jpg,adv_20260601_200726_985328.jpg,23.53
clean_20260605_215725_098989.jpg,adv_20260601_200732_790092.jpg,66.71
clean_20260605_215725_098989.jpg,adv_20260601_200735_190392.jpg,57.86
clean_20260605_215725_098989.jpg,adv_20260601_200737_438642.jpg,33.45
clean_20260605_215725_098989.jpg,adv_20260601_200740_257993.jpg,33.03
clean_20260605_215725_098989.jpg,adv_20260601_200742_857943.jpg,54.51
clean_20260605_215725_098989.jpg,adv_20260601_200745_536431.jpg,51.43
clean_20260605_215725_098989.jpg,adv_20260601_200748_060134.jpg,47.94
clean_20260605_215725_098989.jpg,adv_20260601_200750_768035.jpg,57.23
clean_20260605_215725_098989.jpg,adv_20260601_200753_275939.jpg,57.36
clean_20260605_215725_098989.jpg,adv_20260601_200755_934735.jpg,58.91
clean_20260605_215725_098989.jpg,adv_20260601_200758_560376.jpg,59.01
clean_20260605_215725_098989.jpg,adv_20260601_200801_309674.jpg,59.25
clean_20260605_215725_098989.jpg,adv_20260601_200804_016125.jpg,59.55
clean_20260605_215725_098989.jpg,adv_20260601_200806_798043.jpg,59.46
clean_20260605_215725_098989.jpg,adv_20260601_200809_331978.jpg,58.6
clean_20260605_215725_098989.jpg,adv_20260601_200811_983553.jpg,55.5
clean_20260605_215725_098989.jpg,adv_20260601_200814_628342.jpg,55.88
clean_20260605_215725_098989.jpg,adv_20260605_215748_101872.jpg,30.64
clean_20260605_215725_098989.jpg,adv_20260605_215750_533919.jpg,30.33
clean_20260605_215725_098989.jpg,adv_20260605_215752_721990.jpg,44.48
clean_20260605_215725_098989.jpg,adv_20260605_215755_307287.jpg,44.2
clean_20260605_215725_098989.jpg,adv_20260605_215757_810874.jpg,45.07
clean_20260605_215725_098989.jpg,adv_20260605_215800_592501.jpg,45.51
clean_20260605_215725_098989.jpg,adv_20260605_215803_081455.jpg,45.5
clean_20260605_215725_098989.jpg,adv_20260605_215805_938313.jpg,45.63
clean_20260605_215725_098989.jpg,adv_20260605_215808_796071.jpg,45.92
clean_20260605_215725_098989.jpg,adv_20260605_215812_986796.jpg,45.78
clean_20260605_215725_098989.jpg,adv_20260605_215818_237625.jpg,46.43
clean_20260605_215725_098989.jpg,adv_20260605_215823_308924.jpg,46.0
clean_20260605_215725_098989.jpg,adv_20260605_215829_145319.jpg,45.05
clean_20260605_215725_098989.jpg,adv_20260605_215834_137085.jpg,43.98
clean_20260605_215725_098989.jpg,adv_20260605_215838_559498.jpg,44.52
clean_20260605_215725_098989.jpg,adv_20260605_215843_958127.jpg,44.53
clean_20260605_215725_098989.jpg,adv_20260605_215848_819475.jpg,44.52
clean_20260605_215725_098989.jpg,adv_20260605_215852_690638.jpg,45.08
clean_20260605_215725_098989.jpg,adv_20260605_215857_082744.jpg,45.28
clean_20260605_215725_098989.jpg,adv_20260605_215900_620554.jpg,45.35
clean_20260605_215725_098989.jpg,adv_20260605_215903_720048.jpg,45.36
clean_20260605_215725_098989.jpg,adv_20260605_215909_062375.jpg,45.3
clean_20260605_215725_098989.jpg,adv_20260605_215916_342726.jpg,45.33
clean_20260605_215725_098989.jpg,adv_20260605_215920_532905.jpg,45.01
clean_20260605_215725_098989.jpg,adv_20260605_215924_597056.jpg,45.01
clean_20260605_215725_098989.jpg,adv_20260605_215932_155746.jpg,44.93
clean_20260605_215725_098989.jpg,adv_20260605_215936_620273.jpg,45.26
clean_20260605_215725_098989.jpg,adv_20260605_215939_969450.jpg,45.24
clean_20260605_215725_098989.jpg,adv_20260605_215945_620841.jpg,45.23
clean_20260605_215725_098989.jpg,adv_20260605_215949_643689.jpg,44.9
clean_20260605_215725_098989.jpg,adv_20260605_215955_329492.jpg,44.09
clean_20260605_215725_098989.jpg,adv_20260605_220000_522410.jpg,46.54
clean_20260605_215725_098989.jpg,adv_20260605_220003_401347.jpg,44.0
clean_20260605_215725_098989.jpg,adv_20260605_220008_438069.jpg,43.97
clean_20260605_215725_098989.jpg,adv_20260605_220015_985705.jpg,43.75
clean_20260605_215725_279234.jpg,adv_20260601_200722_033489.jpg,37.01
clean_20260605_215725_279234.jpg,adv_20260601_200726_985328.jpg,23.53
clean_20260605_215725_279234.jpg,adv_20260601_200732_790092.jpg,66.75
clean_20260605_215725_279234.jpg,adv_20260601_200735_190392.jpg,57.89
clean_20260605_215725_279234.jpg,adv_20260601_200737_438642.jpg,33.44
clean_20260605_215725_279234.jpg,adv_20260601_200740_257993.jpg,33.02
clean_20260605_215725_279234.jpg,adv_20260601_200742_857943.jpg,54.54
clean_20260605_215725_279234.jpg,adv_20260601_200745_536431.jpg,51.46
clean_20260605_215725_279234.jpg,adv_20260601_200748_060134.jpg,48.0
clean_20260605_215725_279234.jpg,adv_20260601_200750_768035.jpg,57.26
clean_20260605_215725_279234.jpg,adv_20260601_200753_275939.jpg,57.39
clean_20260605_215725_279234.jpg,adv_20260601_200755_934735.jpg,58.92
clean_20260605_215725_279234.jpg,adv_20260601_200758_560376.jpg,59.06
clean_20260605_215725_279234.jpg,adv_20260601_200801_309674.jpg,59.3
clean_20260605_215725_279234.jpg,adv_20260601_200804_016125.jpg,59.59
clean_20260605_215725_279234.jpg,adv_20260601_200806_798043.jpg,59.5
clean_20260605_215725_279234.jpg,adv_20260601_200809_331978.jpg,58.63
clean_20260605_215725_279234.jpg,adv_20260601_200811_983553.jpg,55.54
clean_20260605_215725_279234.jpg,adv_20260601_200814_628342.jpg,55.89
clean_20260605_215725_279234.jpg,adv_20260605_215748_101872.jpg,30.64
clean_20260605_215725_279234.jpg,adv_20260605_215750_533919.jpg,30.34
clean_20260605_215725_279234.jpg,adv_20260605_215752_721990.jpg,44.54
clean_20260605_215725_279234.jpg,adv_20260605_215755_307287.jpg,44.26
clean_20260605_215725_279234.jpg,adv_20260605_215757_810874.jpg,45.1
clean_20260605_215725_279234.jpg,adv_20260605_215800_592501.jpg,45.53
clean_20260605_215725_279234.jpg,adv_20260605_215803_081455.jpg,45.53
clean_20260605_215725_279234.jpg,adv_20260605_215805_938313.jpg,45.65
clean_20260605_215725_279234.jpg,adv_20260605_215808_796071.jpg,45.94
clean_20260605_215725_279234.jpg,adv_20260605_215812_986796.jpg,45.8
clean_20260605_215725_279234.jpg,adv_20260605_215818_237625.jpg,46.48
clean_20260605_215725_279234.jpg,adv_20260605_215823_308924.jpg,46.06
clean_20260605_215725_279234.jpg,adv_20260605_215829_145319.jpg,45.09
clean_20260605_215725_279234.jpg,adv_20260605_215834_137085.jpg,44.04
clean_20260605_215725_279234.jpg,adv_20260605_215838_559498.jpg,44.57
clean_20260605_215725_279234.jpg,adv_20260605_215843_958127.jpg,44.58
clean_20260605_215725_279234.jpg,adv_20260605_215848_819475.jpg,44.57
clean_20260605_215725_279234.jpg,adv_20260605_215852_690638.jpg,45.14
clean_20260605_215725_279234.jpg,adv_20260605_215857_082744.jpg,45.34
clean_20260605_215725_279234.jpg,adv_20260605_215900_620554.jpg,45.4
clean_20260605_215725_279234.jpg,adv_20260605_215903_720048.jpg,45.41
clean_20260605_215725_279234.jpg,adv_20260605_215909_062375.jpg,45.37
clean_20260605_215725_279234.jpg,adv_20260605_215916_342726.jpg,45.4
clean_20260605_215725_279234.jpg,adv_20260605_215920_532905.jpg,45.07
clean_20260605_215725_279234.jpg,adv_20260605_215924_597056.jpg,45.07
clean_20260605_215725_279234.jpg,adv_20260605_215932_155746.jpg,44.99
clean_20260605_215725_279234.jpg,adv_20260605_215936_620273.jpg,45.33
clean_20260605_215725_279234.jpg,adv_20260605_215939_969450.jpg,45.3
clean_20260605_215725_279234.jpg,adv_20260605_215945_620841.jpg,45.29
clean_20260605_215725_279234.jpg,adv_20260605_215949_643689.jpg,44.95
clean_20260605_215725_279234.jpg,adv_20260605_215955_329492.jpg,44.15
clean_20260605_215725_279234.jpg,adv_20260605_220000_522410.jpg,46.55
clean_20260605_215725_279234.jpg,adv_20260605_220003_401347.jpg,44.03
clean_20260605_215725_279234.jpg,adv_20260605_220008_438069.jpg,44.0
clean_20260605_215725_279234.jpg,adv_20260605_220015_985705.jpg,43.77
clean_20260605_215725_487369.jpg,adv_20260601_200722_033489.jpg,36.97
clean_20260605_215725_487369.jpg,adv_20260601_200726_985328.jpg,23.53
clean_20260605_215725_487369.jpg,adv_20260601_200732_790092.jpg,66.77
clean_20260605_215725_487369.jpg,adv_20260601_200735_190392.jpg,57.9
clean_20260605_215725_487369.jpg,adv_20260601_200737_438642.jpg,33.43
clean_20260605_215725_487369.jpg,adv_20260601_200740_257993.jpg,33.02
clean_20260605_215725_487369.jpg,adv_20260601_200742_857943.jpg,54.57
clean_20260605_215725_487369.jpg,adv_20260601_200745_536431.jpg,51.48
clean_20260605_215725_487369.jpg,adv_20260601_200748_060134.jpg,48.0
clean_20260605_215725_487369.jpg,adv_20260601_200750_768035.jpg,57.27
clean_20260605_215725_487369.jpg,adv_20260601_200753_275939.jpg,57.4
clean_20260605_215725_487369.jpg,adv_20260601_200755_934735.jpg,58.93
clean_20260605_215725_487369.jpg,adv_20260601_200758_560376.jpg,59.09
clean_20260605_215725_487369.jpg,adv_20260601_200801_309674.jpg,59.33
clean_20260605_215725_487369.jpg,adv_20260601_200804_016125.jpg,59.63
clean_20260605_215725_487369.jpg,adv_20260601_200806_798043.jpg,59.53
clean_20260605_215725_487369.jpg,adv_20260601_200809_331978.jpg,58.66
clean_20260605_215725_487369.jpg,adv_20260601_200811_983553.jpg,55.57
clean_20260605_215725_487369.jpg,adv_20260601_200814_628342.jpg,55.9
clean_20260605_215725_487369.jpg,adv_20260605_215748_101872.jpg,30.65
clean_20260605_215725_487369.jpg,adv_20260605_215750_533919.jpg,30.35
clean_20260605_215725_487369.jpg,adv_20260605_215752_721990.jpg,44.53
clean_20260605_215725_487369.jpg,adv_20260605_215755_307287.jpg,44.25
clean_20260605_215725_487369.jpg,adv_20260605_215757_810874.jpg,45.09
clean_20260605_215725_487369.jpg,adv_20260605_215800_592501.jpg,45.52
clean_20260605_215725_487369.jpg,adv_20260605_215803_081455.jpg,45.52
clean_20260605_215725_487369.jpg,adv_20260605_215805_938313.jpg,45.64
clean_20260605_215725_487369.jpg,adv_20260605_215808_796071.jpg,45.93
clean_20260605_215725_487369.jpg,adv_20260605_215812_986796.jpg,45.8
clean_20260605_215725_487369.jpg,adv_20260605_215818_237625.jpg,46.49
clean_20260605_215725_487369.jpg,adv_20260605_215823_308924.jpg,46.05
clean_20260605_215725_487369.jpg,adv_20260605_215829_145319.jpg,45.09
clean_20260605_215725_487369.jpg,adv_20260605_215834_137085.jpg,44.04
clean_20260605_215725_487369.jpg,adv_20260605_215838_559498.jpg,44.58
clean_20260605_215725_487369.jpg,adv_20260605_215843_958127.jpg,44.58
clean_20260605_215725_487369.jpg,adv_20260605_215848_819475.jpg,44.57
clean_20260605_215725_487369.jpg,adv_20260605_215852_690638.jpg,45.14
clean_20260605_215725_487369.jpg,adv_20260605_215857_082744.jpg,45.34
clean_20260605_215725_487369.jpg,adv_20260605_215900_620554.jpg,45.41
clean_20260605_215725_487369.jpg,adv_20260605_215903_720048.jpg,45.43
clean_20260605_215725_487369.jpg,adv_20260605_215909_062375.jpg,45.37
clean_20260605_215725_487369.jpg,adv_20260605_215916_342726.jpg,45.41
clean_20260605_215725_487369.jpg,adv_20260605_215920_532905.jpg,45.08
clean_20260605_215725_487369.jpg,adv_20260605_215924_597056.jpg,45.08
clean_20260605_215725_487369.jpg,adv_20260605_215932_155746.jpg,44.99
clean_20260605_215725_487369.jpg,adv_20260605_215936_620273.jpg,45.33
clean_20260605_215725_487369.jpg,adv_20260605_215939_969450.jpg,45.31
clean_20260605_215725_487369.jpg,adv_20260605_215945_620841.jpg,45.3
clean_20260605_215725_487369.jpg,adv_20260605_215949_643689.jpg,44.96
clean_20260605_215725_487369.jpg,adv_20260605_215955_329492.jpg,44.15
clean_20260605_215725_487369.jpg,adv_20260605_220000_522410.jpg,46.57
clean_20260605_215725_487369.jpg,adv_20260605_220003_401347.jpg,44.05
clean_20260605_215725_487369.jpg,adv_20260605_220008_438069.jpg,44.02
clean_20260605_215725_487369.jpg,adv_20260605_220015_985705.jpg,43.78
clean_20260605_215725_679760.jpg,adv_20260601_200722_033489.jpg,36.95
clean_20260605_215725_679760.jpg,adv_20260601_200726_985328.jpg,23.5
clean_20260605_215725_679760.jpg,adv_20260601_200732_790092.jpg,66.77
clean_20260605_215725_679760.jpg,adv_20260601_200735_190392.jpg,57.9
clean_20260605_215725_679760.jpg,adv_20260601_200737_438642.jpg,33.41
clean_20260605_215725_679760.jpg,adv_20260601_200740_257993.jpg,32.99
clean_20260605_215725_679760.jpg,adv_20260601_200742_857943.jpg,54.57
clean_20260605_215725_679760.jpg,adv_20260601_200745_536431.jpg,51.48
clean_20260605_215725_679760.jpg,adv_20260601_200748_060134.jpg,48.01
clean_20260605_215725_679760.jpg,adv_20260601_200750_768035.jpg,57.28
clean_20260605_215725_679760.jpg,adv_20260601_200753_275939.jpg,57.41
clean_20260605_215725_679760.jpg,adv_20260601_200755_934735.jpg,58.96
clean_20260605_215725_679760.jpg,adv_20260601_200758_560376.jpg,59.11
clean_20260605_215725_679760.jpg,adv_20260601_200801_309674.jpg,59.35
clean_20260605_215725_679760.jpg,adv_20260601_200804_016125.jpg,59.65
clean_20260605_215725_679760.jpg,adv_20260601_200806_798043.jpg,59.54
clean_20260605_215725_679760.jpg,adv_20260601_200809_331978.jpg,58.67
clean_20260605_215725_679760.jpg,adv_20260601_200811_983553.jpg,55.58
clean_20260605_215725_679760.jpg,adv_20260601_200814_628342.jpg,55.9
clean_20260605_215725_679760.jpg,adv_20260605_215748_101872.jpg,30.64
clean_20260605_215725_679760.jpg,adv_20260605_215750_533919.jpg,30.34
clean_20260605_215725_679760.jpg,adv_20260605_215752_721990.jpg,44.53
clean_20260605_215725_679760.jpg,adv_20260605_215755_307287.jpg,44.25
clean_20260605_215725_679760.jpg,adv_20260605_215757_810874.jpg,45.09
clean_20260605_215725_679760.jpg,adv_20260605_215800_592501.jpg,45.52
clean_20260605_215725_679760.jpg,adv_20260605_215803_081455.jpg,45.52
clean_20260605_215725_679760.jpg,adv_20260605_215805_938313.jpg,45.64
clean_20260605_215725_679760.jpg,adv_20260605_215808_796071.jpg,45.92
clean_20260605_215725_679760.jpg,adv_20260605_215812_986796.jpg,45.79
clean_20260605_215725_679760.jpg,adv_20260605_215818_237625.jpg,46.49
clean_20260605_215725_679760.jpg,adv_20260605_215823_308924.jpg,46.06
clean_20260605_215725_679760.jpg,adv_20260605_215829_145319.jpg,45.1
clean_20260605_215725_679760.jpg,adv_20260605_215834_137085.jpg,44.05
clean_20260605_215725_679760.jpg,adv_20260605_215838_559498.jpg,44.58
clean_20260605_215725_679760.jpg,adv_20260605_215843_958127.jpg,44.58
clean_20260605_215725_679760.jpg,adv_20260605_215848_819475.jpg,44.58
clean_20260605_215725_679760.jpg,adv_20260605_215852_690638.jpg,45.16
clean_20260605_215725_679760.jpg,adv_20260605_215857_082744.jpg,45.35
clean_20260605_215725_679760.jpg,adv_20260605_215900_620554.jpg,45.42
clean_20260605_215725_679760.jpg,adv_20260605_215903_720048.jpg,45.44
clean_20260605_215725_679760.jpg,adv_20260605_215909_062375.jpg,45.4
clean_20260605_215725_679760.jpg,adv_20260605_215916_342726.jpg,45.42
clean_20260605_215725_679760.jpg,adv_20260605_215920_532905.jpg,45.09
clean_20260605_215725_679760.jpg,adv_20260605_215924_597056.jpg,45.08
clean_20260605_215725_679760.jpg,adv_20260605_215932_155746.jpg,44.99
clean_20260605_215725_679760.jpg,adv_20260605_215936_620273.jpg,45.36
clean_20260605_215725_679760.jpg,adv_20260605_215939_969450.jpg,45.34
clean_20260605_215725_679760.jpg,adv_20260605_215945_620841.jpg,45.31
clean_20260605_215725_679760.jpg,adv_20260605_215949_643689.jpg,44.97
clean_20260605_215725_679760.jpg,adv_20260605_215955_329492.jpg,44.16
clean_20260605_215725_679760.jpg,adv_20260605_220000_522410.jpg,46.59
clean_20260605_215725_679760.jpg,adv_20260605_220003_401347.jpg,44.06
clean_20260605_215725_679760.jpg,adv_20260605_220008_438069.jpg,44.03
clean_20260605_215725_679760.jpg,adv_20260605_220015_985705.jpg,43.79
clean_20260605_215725_894622.jpg,adv_20260601_200722_033489.jpg,36.96
clean_20260605_215725_894622.jpg,adv_20260601_200726_985328.jpg,23.52
clean_20260605_215725_894622.jpg,adv_20260601_200732_790092.jpg,66.78
clean_20260605_215725_894622.jpg,adv_20260601_200735_190392.jpg,57.91
clean_20260605_215725_894622.jpg,adv_20260601_200737_438642.jpg,33.42
clean_20260605_215725_894622.jpg,adv_20260601_200740_257993.jpg,32.99
clean_20260605_215725_894622.jpg,adv_20260601_200742_857943.jpg,54.58
clean_20260605_215725_894622.jpg,adv_20260601_200745_536431.jpg,51.48
clean_20260605_215725_894622.jpg,adv_20260601_200748_060134.jpg,48.03
clean_20260605_215725_894622.jpg,adv_20260601_200750_768035.jpg,57.28
clean_20260605_215725_894622.jpg,adv_20260601_200753_275939.jpg,57.41
clean_20260605_215725_894622.jpg,adv_20260601_200755_934735.jpg,58.96
clean_20260605_215725_894622.jpg,adv_20260601_200758_560376.jpg,59.1
clean_20260605_215725_894622.jpg,adv_20260601_200801_309674.jpg,59.34
clean_20260605_215725_894622.jpg,adv_20260601_200804_016125.jpg,59.64
clean_20260605_215725_894622.jpg,adv_20260601_200806_798043.jpg,59.53
clean_20260605_215725_894622.jpg,adv_20260601_200809_331978.jpg,58.66
clean_20260605_215725_894622.jpg,adv_20260601_200811_983553.jpg,55.58
clean_20260605_215725_894622.jpg,adv_20260601_200814_628342.jpg,55.92
clean_20260605_215725_894622.jpg,adv_20260605_215748_101872.jpg,30.63
clean_20260605_215725_894622.jpg,adv_20260605_215750_533919.jpg,30.32
clean_20260605_215725_894622.jpg,adv_20260605_215752_721990.jpg,44.52
clean_20260605_215725_894622.jpg,adv_20260605_215755_307287.jpg,44.24
clean_20260605_215725_894622.jpg,adv_20260605_215757_810874.jpg,45.09
clean_20260605_215725_894622.jpg,adv_20260605_215800_592501.jpg,45.53
clean_20260605_215725_894622.jpg,adv_20260605_215803_081455.jpg,45.52
clean_20260605_215725_894622.jpg,adv_20260605_215805_938313.jpg,45.65
clean_20260605_215725_894622.jpg,adv_20260605_215808_796071.jpg,45.93
clean_20260605_215725_894622.jpg,adv_20260605_215812_986796.jpg,45.8
clean_20260605_215725_894622.jpg,adv_20260605_215818_237625.jpg,46.48
clean_20260605_215725_894622.jpg,adv_20260605_215823_308924.jpg,46.05
clean_20260605_215725_894622.jpg,adv_20260605_215829_145319.jpg,45.09
clean_20260605_215725_894622.jpg,adv_20260605_215834_137085.jpg,44.02
clean_20260605_215725_894622.jpg,adv_20260605_215838_559498.jpg,44.56
clean_20260605_215725_894622.jpg,adv_20260605_215843_958127.jpg,44.57
clean_20260605_215725_894622.jpg,adv_20260605_215848_819475.jpg,44.56
clean_20260605_215725_894622.jpg,adv_20260605_215852_690638.jpg,45.14
clean_20260605_215725_894622.jpg,adv_20260605_215857_082744.jpg,45.33
clean_20260605_215725_894622.jpg,adv_20260605_215900_620554.jpg,45.41
clean_20260605_215725_894622.jpg,adv_20260605_215903_720048.jpg,45.42
clean_20260605_215725_894622.jpg,adv_20260605_215909_062375.jpg,45.37
clean_20260605_215725_894622.jpg,adv_20260605_215916_342726.jpg,45.4
clean_20260605_215725_894622.jpg,adv_20260605_215920_532905.jpg,45.07
clean_20260605_215725_894622.jpg,adv_20260605_215924_597056.jpg,45.06
clean_20260605_215725_894622.jpg,adv_20260605_215932_155746.jpg,44.98
clean_20260605_215725_894622.jpg,adv_20260605_215936_620273.jpg,45.33
clean_20260605_215725_894622.jpg,adv_20260605_215939_969450.jpg,45.3
clean_20260605_215725_894622.jpg,adv_20260605_215945_620841.jpg,45.29
clean_20260605_215725_894622.jpg,adv_20260605_215949_643689.jpg,44.95
clean_20260605_215725_894622.jpg,adv_20260605_215955_329492.jpg,44.13
clean_20260605_215725_894622.jpg,adv_20260605_220000_522410.jpg,46.57
clean_20260605_215725_894622.jpg,adv_20260605_220003_401347.jpg,44.03
clean_20260605_215725_894622.jpg,adv_20260605_220008_438069.jpg,44.0
clean_20260605_215725_894622.jpg,adv_20260605_220015_985705.jpg,43.76
clean_20260605_215726_092143.jpg,adv_20260601_200722_033489.jpg,36.94
clean_20260605_215726_092143.jpg,adv_20260601_200726_985328.jpg,23.51
clean_20260605_215726_092143.jpg,adv_20260601_200732_790092.jpg,66.82
clean_20260605_215726_092143.jpg,adv_20260601_200735_190392.jpg,57.96
clean_20260605_215726_092143.jpg,adv_20260601_200737_438642.jpg,33.42
clean_20260605_215726_092143.jpg,adv_20260601_200740_257993.jpg,33.01
clean_20260605_215726_092143.jpg,adv_20260601_200742_857943.jpg,54.63
clean_20260605_215726_092143.jpg,adv_20260601_200745_536431.jpg,51.53
clean_20260605_215726_092143.jpg,adv_20260601_200748_060134.jpg,48.06
clean_20260605_215726_092143.jpg,adv_20260601_200750_768035.jpg,57.33
clean_20260605_215726_092143.jpg,adv_20260601_200753_275939.jpg,57.46
clean_20260605_215726_092143.jpg,adv_20260601_200755_934735.jpg,59.0
clean_20260605_215726_092143.jpg,adv_20260601_200758_560376.jpg,59.15
clean_20260605_215726_092143.jpg,adv_20260601_200801_309674.jpg,59.38
clean_20260605_215726_092143.jpg,adv_20260601_200804_016125.jpg,59.69
clean_20260605_215726_092143.jpg,adv_20260601_200806_798043.jpg,59.59
clean_20260605_215726_092143.jpg,adv_20260601_200809_331978.jpg,58.71
clean_20260605_215726_092143.jpg,adv_20260601_200811_983553.jpg,55.63
clean_20260605_215726_092143.jpg,adv_20260601_200814_628342.jpg,55.96
clean_20260605_215726_092143.jpg,adv_20260605_215748_101872.jpg,30.64
clean_20260605_215726_092143.jpg,adv_20260605_215750_533919.jpg,30.32
clean_20260605_215726_092143.jpg,adv_20260605_215752_721990.jpg,44.59
clean_20260605_215726_092143.jpg,adv_20260605_215755_307287.jpg,44.31
clean_20260605_215726_092143.jpg,adv_20260605_215757_810874.jpg,45.11
clean_20260605_215726_092143.jpg,adv_20260605_215800_592501.jpg,45.55
clean_20260605_215726_092143.jpg,adv_20260605_215803_081455.jpg,45.54
clean_20260605_215726_092143.jpg,adv_20260605_215805_938313.jpg,45.67
clean_20260605_215726_092143.jpg,adv_20260605_215808_796071.jpg,45.95
clean_20260605_215726_092143.jpg,adv_20260605_215812_986796.jpg,45.81
clean_20260605_215726_092143.jpg,adv_20260605_215818_237625.jpg,46.53
clean_20260605_215726_092143.jpg,adv_20260605_215823_308924.jpg,46.1
clean_20260605_215726_092143.jpg,adv_20260605_215829_145319.jpg,45.13
clean_20260605_215726_092143.jpg,adv_20260605_215834_137085.jpg,44.08
clean_20260605_215726_092143.jpg,adv_20260605_215838_559498.jpg,44.61
clean_20260605_215726_092143.jpg,adv_20260605_215843_958127.jpg,44.62
clean_20260605_215726_092143.jpg,adv_20260605_215848_819475.jpg,44.6
clean_20260605_215726_092143.jpg,adv_20260605_215852_690638.jpg,45.19
clean_20260605_215726_092143.jpg,adv_20260605_215857_082744.jpg,45.37
clean_20260605_215726_092143.jpg,adv_20260605_215900_620554.jpg,45.45
clean_20260605_215726_092143.jpg,adv_20260605_215903_720048.jpg,45.47
clean_20260605_215726_092143.jpg,adv_20260605_215909_062375.jpg,45.42
clean_20260605_215726_092143.jpg,adv_20260605_215916_342726.jpg,45.45
clean_20260605_215726_092143.jpg,adv_20260605_215920_532905.jpg,45.11
clean_20260605_215726_092143.jpg,adv_20260605_215924_597056.jpg,45.11
clean_20260605_215726_092143.jpg,adv_20260605_215932_155746.jpg,45.02
clean_20260605_215726_092143.jpg,adv_20260605_215936_620273.jpg,45.37
clean_20260605_215726_092143.jpg,adv_20260605_215939_969450.jpg,45.35
clean_20260605_215726_092143.jpg,adv_20260605_215945_620841.jpg,45.34
clean_20260605_215726_092143.jpg,adv_20260605_215949_643689.jpg,44.99
clean_20260605_215726_092143.jpg,adv_20260605_215955_329492.jpg,44.18
clean_20260605_215726_092143.jpg,adv_20260605_220000_522410.jpg,46.58
clean_20260605_215726_092143.jpg,adv_20260605_220003_401347.jpg,44.06
clean_20260605_215726_092143.jpg,adv_20260605_220008_438069.jpg,44.04
clean_20260605_215726_092143.jpg,adv_20260605_220015_985705.jpg,43.8
clean_20260605_215726_299378.jpg,adv_20260601_200722_033489.jpg,36.81
clean_20260605_215726_299378.jpg,adv_20260601_200726_985328.jpg,23.53
clean_20260605_215726_299378.jpg,adv_20260601_200732_790092.jpg,66.91
clean_20260605_215726_299378.jpg,adv_20260601_200735_190392.jpg,58.0
clean_20260605_215726_299378.jpg,adv_20260601_200737_438642.jpg,33.38
clean_20260605_215726_299378.jpg,adv_20260601_200740_257993.jpg,32.97
clean_20260605_215726_299378.jpg,adv_20260601_200742_857943.jpg,54.67
clean_20260605_215726_299378.jpg,adv_20260601_200745_536431.jpg,51.59
clean_20260605_215726_299378.jpg,adv_20260601_200748_060134.jpg,48.11
clean_20260605_215726_299378.jpg,adv_20260601_200750_768035.jpg,57.39
clean_20260605_215726_299378.jpg,adv_20260601_200753_275939.jpg,57.52
clean_20260605_215726_299378.jpg,adv_20260601_200755_934735.jpg,59.03
clean_20260605_215726_299378.jpg,adv_20260601_200758_560376.jpg,59.23
clean_20260605_215726_299378.jpg,adv_20260601_200801_309674.jpg,59.47
clean_20260605_215726_299378.jpg,adv_20260601_200804_016125.jpg,59.77
clean_20260605_215726_299378.jpg,adv_20260601_200806_798043.jpg,59.66
clean_20260605_215726_299378.jpg,adv_20260601_200809_331978.jpg,58.78
clean_20260605_215726_299378.jpg,adv_20260601_200811_983553.jpg,55.71
clean_20260605_215726_299378.jpg,adv_20260601_200814_628342.jpg,56.02
clean_20260605_215726_299378.jpg,adv_20260605_215748_101872.jpg,30.58
clean_20260605_215726_299378.jpg,adv_20260605_215750_533919.jpg,30.27
clean_20260605_215726_299378.jpg,adv_20260605_215752_721990.jpg,44.6
clean_20260605_215726_299378.jpg,adv_20260605_215755_307287.jpg,44.32
clean_20260605_215726_299378.jpg,adv_20260605_215757_810874.jpg,45.11
clean_20260605_215726_299378.jpg,adv_20260605_215800_592501.jpg,45.53
clean_20260605_215726_299378.jpg,adv_20260605_215803_081455.jpg,45.53
clean_20260605_215726_299378.jpg,adv_20260605_215805_938313.jpg,45.65
clean_20260605_215726_299378.jpg,adv_20260605_215808_796071.jpg,45.93
clean_20260605_215726_299378.jpg,adv_20260605_215812_986796.jpg,45.8
clean_20260605_215726_299378.jpg,adv_20260605_215818_237625.jpg,46.54
clean_20260605_215726_299378.jpg,adv_20260605_215823_308924.jpg,46.1
clean_20260605_215726_299378.jpg,adv_20260605_215829_145319.jpg,45.14
clean_20260605_215726_299378.jpg,adv_20260605_215834_137085.jpg,44.09
clean_20260605_215726_299378.jpg,adv_20260605_215838_559498.jpg,44.61
clean_20260605_215726_299378.jpg,adv_20260605_215843_958127.jpg,44.63
clean_20260605_215726_299378.jpg,adv_20260605_215848_819475.jpg,44.61
clean_20260605_215726_299378.jpg,adv_20260605_215852_690638.jpg,45.2
clean_20260605_215726_299378.jpg,adv_20260605_215857_082744.jpg,45.38
clean_20260605_215726_299378.jpg,adv_20260605_215900_620554.jpg,45.46
clean_20260605_215726_299378.jpg,adv_20260605_215903_720048.jpg,45.48
clean_20260605_215726_299378.jpg,adv_20260605_215909_062375.jpg,45.43
clean_20260605_215726_299378.jpg,adv_20260605_215916_342726.jpg,45.47
clean_20260605_215726_299378.jpg,adv_20260605_215920_532905.jpg,45.12
clean_20260605_215726_299378.jpg,adv_20260605_215924_597056.jpg,45.12
clean_20260605_215726_299378.jpg,adv_20260605_215932_155746.jpg,45.03
clean_20260605_215726_299378.jpg,adv_20260605_215936_620273.jpg,45.39
clean_20260605_215726_299378.jpg,adv_20260605_215939_969450.jpg,45.36
clean_20260605_215726_299378.jpg,adv_20260605_215945_620841.jpg,45.35
clean_20260605_215726_299378.jpg,adv_20260605_215949_643689.jpg,45.01
clean_20260605_215726_299378.jpg,adv_20260605_215955_329492.jpg,44.19
clean_20260605_215726_299378.jpg,adv_20260605_220000_522410.jpg,46.55
clean_20260605_215726_299378.jpg,adv_20260605_220003_401347.jpg,44.07
clean_20260605_215726_299378.jpg,adv_20260605_220008_438069.jpg,44.04
clean_20260605_215726_299378.jpg,adv_20260605_220015_985705.jpg,43.8
clean_20260605_215726_491977.jpg,adv_20260601_200722_033489.jpg,36.82
clean_20260605_215726_491977.jpg,adv_20260601_200726_985328.jpg,23.51
clean_20260605_215726_491977.jpg,adv_20260601_200732_790092.jpg,66.93
clean_20260605_215726_491977.jpg,adv_20260601_200735_190392.jpg,58.03
clean_20260605_215726_491977.jpg,adv_20260601_200737_438642.jpg,33.37
clean_20260605_215726_491977.jpg,adv_20260601_200740_257993.jpg,32.96
clean_20260605_215726_491977.jpg,adv_20260601_200742_857943.jpg,54.69
clean_20260605_215726_491977.jpg,adv_20260601_200745_536431.jpg,51.61
clean_20260605_215726_491977.jpg,adv_20260601_200748_060134.jpg,48.11
clean_20260605_215726_491977.jpg,adv_20260601_200750_768035.jpg,57.42
clean_20260605_215726_491977.jpg,adv_20260601_200753_275939.jpg,57.54
clean_20260605_215726_491977.jpg,adv_20260601_200755_934735.jpg,59.04
clean_20260605_215726_491977.jpg,adv_20260601_200758_560376.jpg,59.25
clean_20260605_215726_491977.jpg,adv_20260601_200801_309674.jpg,59.49
clean_20260605_215726_491977.jpg,adv_20260601_200804_016125.jpg,59.79
clean_20260605_215726_491977.jpg,adv_20260601_200806_798043.jpg,59.68
clean_20260605_215726_491977.jpg,adv_20260601_200809_331978.jpg,58.81
clean_20260605_215726_491977.jpg,adv_20260601_200811_983553.jpg,55.73
clean_20260605_215726_491977.jpg,adv_20260601_200814_628342.jpg,56.04
clean_20260605_215726_491977.jpg,adv_20260605_215748_101872.jpg,30.61
clean_20260605_215726_491977.jpg,adv_20260605_215750_533919.jpg,30.3
clean_20260605_215726_491977.jpg,adv_20260605_215752_721990.jpg,44.62
clean_20260605_215726_491977.jpg,adv_20260605_215755_307287.jpg,44.32
clean_20260605_215726_491977.jpg,adv_20260605_215757_810874.jpg,45.11
clean_20260605_215726_491977.jpg,adv_20260605_215800_592501.jpg,45.53
clean_20260605_215726_491977.jpg,adv_20260605_215803_081455.jpg,45.53
clean_20260605_215726_491977.jpg,adv_20260605_215805_938313.jpg,45.66
clean_20260605_215726_491977.jpg,adv_20260605_215808_796071.jpg,45.94
clean_20260605_215726_491977.jpg,adv_20260605_215812_986796.jpg,45.81
clean_20260605_215726_491977.jpg,adv_20260605_215818_237625.jpg,46.55
clean_20260605_215726_491977.jpg,adv_20260605_215823_308924.jpg,46.13
clean_20260605_215726_491977.jpg,adv_20260605_215829_145319.jpg,45.16
clean_20260605_215726_491977.jpg,adv_20260605_215834_137085.jpg,44.11
clean_20260605_215726_491977.jpg,adv_20260605_215838_559498.jpg,44.63
clean_20260605_215726_491977.jpg,adv_20260605_215843_958127.jpg,44.65
clean_20260605_215726_491977.jpg,adv_20260605_215848_819475.jpg,44.63
clean_20260605_215726_491977.jpg,adv_20260605_215852_690638.jpg,45.22
clean_20260605_215726_491977.jpg,adv_20260605_215857_082744.jpg,45.41
clean_20260605_215726_491977.jpg,adv_20260605_215900_620554.jpg,45.48
clean_20260605_215726_491977.jpg,adv_20260605_215903_720048.jpg,45.5
clean_20260605_215726_491977.jpg,adv_20260605_215909_062375.jpg,45.45
clean_20260605_215726_491977.jpg,adv_20260605_215916_342726.jpg,45.49
clean_20260605_215726_491977.jpg,adv_20260605_215920_532905.jpg,45.14
clean_20260605_215726_491977.jpg,adv_20260605_215924_597056.jpg,45.13
clean_20260605_215726_491977.jpg,adv_20260605_215932_155746.jpg,45.05
clean_20260605_215726_491977.jpg,adv_20260605_215936_620273.jpg,45.4
clean_20260605_215726_491977.jpg,adv_20260605_215939_969450.jpg,45.38
clean_20260605_215726_491977.jpg,adv_20260605_215945_620841.jpg,45.36
clean_20260605_215726_491977.jpg,adv_20260605_215949_643689.jpg,45.03
clean_20260605_215726_491977.jpg,adv_20260605_215955_329492.jpg,44.21
clean_20260605_215726_491977.jpg,adv_20260605_220000_522410.jpg,46.56
clean_20260605_215726_491977.jpg,adv_20260605_220003_401347.jpg,44.08
clean_20260605_215726_491977.jpg,adv_20260605_220008_438069.jpg,44.05
clean_20260605_215726_491977.jpg,adv_20260605_220015_985705.jpg,43.82
clean_20260605_215726_698824.jpg,adv_20260601_200722_033489.jpg,36.85
clean_20260605_215726_698824.jpg,adv_20260601_200726_985328.jpg,23.43
clean_20260605_215726_698824.jpg,adv_20260601_200732_790092.jpg,66.94
clean_20260605_215726_698824.jpg,adv_20260601_200735_190392.jpg,58.05
clean_20260605_215726_698824.jpg,adv_20260601_200737_438642.jpg,33.24
clean_20260605_215726_698824.jpg,adv_20260601_200740_257993.jpg,32.83
clean_20260605_215726_698824.jpg,adv_20260601_200742_857943.jpg,54.71
clean_20260605_215726_698824.jpg,adv_20260601_200745_536431.jpg,51.59
clean_20260605_215726_698824.jpg,adv_20260601_200748_060134.jpg,48.06
clean_20260605_215726_698824.jpg,adv_20260601_200750_768035.jpg,57.44
clean_20260605_215726_698824.jpg,adv_20260601_200753_275939.jpg,57.55
clean_20260605_215726_698824.jpg,adv_20260601_200755_934735.jpg,59.1
clean_20260605_215726_698824.jpg,adv_20260601_200758_560376.jpg,59.26
clean_20260605_215726_698824.jpg,adv_20260601_200801_309674.jpg,59.51
clean_20260605_215726_698824.jpg,adv_20260601_200804_016125.jpg,59.82
clean_20260605_215726_698824.jpg,adv_20260601_200806_798043.jpg,59.7
clean_20260605_215726_698824.jpg,adv_20260601_200809_331978.jpg,58.83
clean_20260605_215726_698824.jpg,adv_20260601_200811_983553.jpg,55.78
clean_20260605_215726_698824.jpg,adv_20260601_200814_628342.jpg,56.1
clean_20260605_215726_698824.jpg,adv_20260605_215748_101872.jpg,30.53
clean_20260605_215726_698824.jpg,adv_20260605_215750_533919.jpg,30.25
clean_20260605_215726_698824.jpg,adv_20260605_215752_721990.jpg,44.54
clean_20260605_215726_698824.jpg,adv_20260605_215755_307287.jpg,44.26
clean_20260605_215726_698824.jpg,adv_20260605_215757_810874.jpg,45.04
clean_20260605_215726_698824.jpg,adv_20260605_215800_592501.jpg,45.46
clean_20260605_215726_698824.jpg,adv_20260605_215803_081455.jpg,45.45
clean_20260605_215726_698824.jpg,adv_20260605_215805_938313.jpg,45.57
clean_20260605_215726_698824.jpg,adv_20260605_215808_796071.jpg,45.85
clean_20260605_215726_698824.jpg,adv_20260605_215812_986796.jpg,45.71
clean_20260605_215726_698824.jpg,adv_20260605_215818_237625.jpg,46.48
clean_20260605_215726_698824.jpg,adv_20260605_215823_308924.jpg,46.06
clean_20260605_215726_698824.jpg,adv_20260605_215829_145319.jpg,45.08
clean_20260605_215726_698824.jpg,adv_20260605_215834_137085.jpg,44.02
clean_20260605_215726_698824.jpg,adv_20260605_215838_559498.jpg,44.54
clean_20260605_215726_698824.jpg,adv_20260605_215843_958127.jpg,44.55
clean_20260605_215726_698824.jpg,adv_20260605_215848_819475.jpg,44.54
clean_20260605_215726_698824.jpg,adv_20260605_215852_690638.jpg,45.12
clean_20260605_215726_698824.jpg,adv_20260605_215857_082744.jpg,45.3
clean_20260605_215726_698824.jpg,adv_20260605_215900_620554.jpg,45.38
clean_20260605_215726_698824.jpg,adv_20260605_215903_720048.jpg,45.41
clean_20260605_215726_698824.jpg,adv_20260605_215909_062375.jpg,45.36
clean_20260605_215726_698824.jpg,adv_20260605_215916_342726.jpg,45.39
clean_20260605_215726_698824.jpg,adv_20260605_215920_532905.jpg,45.05
clean_20260605_215726_698824.jpg,adv_20260605_215924_597056.jpg,45.05
clean_20260605_215726_698824.jpg,adv_20260605_215932_155746.jpg,44.97
clean_20260605_215726_698824.jpg,adv_20260605_215936_620273.jpg,45.32
clean_20260605_215726_698824.jpg,adv_20260605_215939_969450.jpg,45.3
clean_20260605_215726_698824.jpg,adv_20260605_215945_620841.jpg,45.27
clean_20260605_215726_698824.jpg,adv_20260605_215949_643689.jpg,44.94
clean_20260605_215726_698824.jpg,adv_20260605_215955_329492.jpg,44.12
clean_20260605_215726_698824.jpg,adv_20260605_220000_522410.jpg,46.54
clean_20260605_215726_698824.jpg,adv_20260605_220003_401347.jpg,44.02
clean_20260605_215726_698824.jpg,adv_20260605_220008_438069.jpg,43.99
clean_20260605_215726_698824.jpg,adv_20260605_220015_985705.jpg,43.74
clean_20260605_215726_880898.jpg,adv_20260601_200722_033489.jpg,36.88
clean_20260605_215726_880898.jpg,adv_20260601_200726_985328.jpg,23.16
clean_20260605_215726_880898.jpg,adv_20260601_200732_790092.jpg,67.16
clean_20260605_215726_880898.jpg,adv_20260601_200735_190392.jpg,58.3
clean_20260605_215726_880898.jpg,adv_20260601_200737_438642.jpg,32.82
clean_20260605_215726_880898.jpg,adv_20260601_200740_257993.jpg,32.44
clean_20260605_215726_880898.jpg,adv_20260601_200742_857943.jpg,54.95
clean_20260605_215726_880898.jpg,adv_20260601_200745_536431.jpg,51.76
clean_20260605_215726_880898.jpg,adv_20260601_200748_060134.jpg,48.05
clean_20260605_215726_880898.jpg,adv_20260601_200750_768035.jpg,57.69
clean_20260605_215726_880898.jpg,adv_20260601_200753_275939.jpg,57.76
clean_20260605_215726_880898.jpg,adv_20260601_200755_934735.jpg,59.4
clean_20260605_215726_880898.jpg,adv_20260601_200758_560376.jpg,59.39
clean_20260605_215726_880898.jpg,adv_20260601_200801_309674.jpg,59.66
clean_20260605_215726_880898.jpg,adv_20260601_200804_016125.jpg,60.01
clean_20260605_215726_880898.jpg,adv_20260601_200806_798043.jpg,59.85
clean_20260605_215726_880898.jpg,adv_20260601_200809_331978.jpg,58.99
clean_20260605_215726_880898.jpg,adv_20260601_200811_983553.jpg,56.07
clean_20260605_215726_880898.jpg,adv_20260601_200814_628342.jpg,56.48
clean_20260605_215726_880898.jpg,adv_20260605_215748_101872.jpg,29.94
clean_20260605_215726_880898.jpg,adv_20260605_215750_533919.jpg,29.65
clean_20260605_215726_880898.jpg,adv_20260605_215752_721990.jpg,44.58
clean_20260605_215726_880898.jpg,adv_20260605_215755_307287.jpg,44.31
clean_20260605_215726_880898.jpg,adv_20260605_215757_810874.jpg,45.02
clean_20260605_215726_880898.jpg,adv_20260605_215800_592501.jpg,45.36
clean_20260605_215726_880898.jpg,adv_20260605_215803_081455.jpg,45.33
clean_20260605_215726_880898.jpg,adv_20260605_215805_938313.jpg,45.46
clean_20260605_215726_880898.jpg,adv_20260605_215808_796071.jpg,45.72
clean_20260605_215726_880898.jpg,adv_20260605_215812_986796.jpg,45.57
clean_20260605_215726_880898.jpg,adv_20260605_215818_237625.jpg,46.49
clean_20260605_215726_880898.jpg,adv_20260605_215823_308924.jpg,46.11
clean_20260605_215726_880898.jpg,adv_20260605_215829_145319.jpg,45.07
clean_20260605_215726_880898.jpg,adv_20260605_215834_137085.jpg,43.92
clean_20260605_215726_880898.jpg,adv_20260605_215838_559498.jpg,44.57
clean_20260605_215726_880898.jpg,adv_20260605_215843_958127.jpg,44.6
clean_20260605_215726_880898.jpg,adv_20260605_215848_819475.jpg,44.58
clean_20260605_215726_880898.jpg,adv_20260605_215852_690638.jpg,45.14
clean_20260605_215726_880898.jpg,adv_20260605_215857_082744.jpg,45.33
clean_20260605_215726_880898.jpg,adv_20260605_215900_620554.jpg,45.45
clean_20260605_215726_880898.jpg,adv_20260605_215903_720048.jpg,45.49
clean_20260605_215726_880898.jpg,adv_20260605_215909_062375.jpg,45.43
clean_20260605_215726_880898.jpg,adv_20260605_215916_342726.jpg,45.46
clean_20260605_215726_880898.jpg,adv_20260605_215920_532905.jpg,45.09
clean_20260605_215726_880898.jpg,adv_20260605_215924_597056.jpg,45.06
clean_20260605_215726_880898.jpg,adv_20260605_215932_155746.jpg,44.96
clean_20260605_215726_880898.jpg,adv_20260605_215936_620273.jpg,45.37
clean_20260605_215726_880898.jpg,adv_20260605_215939_969450.jpg,45.36
clean_20260605_215726_880898.jpg,adv_20260605_215945_620841.jpg,45.3
clean_20260605_215726_880898.jpg,adv_20260605_215949_643689.jpg,44.97
clean_20260605_215726_880898.jpg,adv_20260605_215955_329492.jpg,44.1
clean_20260605_215726_880898.jpg,adv_20260605_220000_522410.jpg,46.86
clean_20260605_215726_880898.jpg,adv_20260605_220003_401347.jpg,43.89
clean_20260605_215726_880898.jpg,adv_20260605_220008_438069.jpg,43.85
clean_20260605_215726_880898.jpg,adv_20260605_220015_985705.jpg,43.62
clean_20260605_215727_087381.jpg,adv_20260601_200722_033489.jpg,36.99
clean_20260605_215727_087381.jpg,adv_20260601_200726_985328.jpg,22.96
clean_20260605_215727_087381.jpg,adv_20260601_200732_790092.jpg,67.32
clean_20260605_215727_087381.jpg,adv_20260601_200735_190392.jpg,58.48
clean_20260605_215727_087381.jpg,adv_20260601_200737_438642.jpg,32.66
clean_20260605_215727_087381.jpg,adv_20260601_200740_257993.jpg,32.34
clean_20260605_215727_087381.jpg,adv_20260601_200742_857943.jpg,55.11
clean_20260605_215727_087381.jpg,adv_20260601_200745_536431.jpg,52.02
clean_20260605_215727_087381.jpg,adv_20260601_200748_060134.jpg,48.15
clean_20260605_215727_087381.jpg,adv_20260601_200750_768035.jpg,57.8
clean_20260605_215727_087381.jpg,adv_20260601_200753_275939.jpg,57.88
clean_20260605_215727_087381.jpg,adv_20260601_200755_934735.jpg,59.58
clean_20260605_215727_087381.jpg,adv_20260601_200758_560376.jpg,59.46
clean_20260605_215727_087381.jpg,adv_20260601_200801_309674.jpg,59.7
clean_20260605_215727_087381.jpg,adv_20260601_200804_016125.jpg,60.11
clean_20260605_215727_087381.jpg,adv_20260601_200806_798043.jpg,59.92
clean_20260605_215727_087381.jpg,adv_20260601_200809_331978.jpg,59.07
clean_20260605_215727_087381.jpg,adv_20260601_200811_983553.jpg,56.26
clean_20260605_215727_087381.jpg,adv_20260601_200814_628342.jpg,56.73
clean_20260605_215727_087381.jpg,adv_20260605_215748_101872.jpg,29.06
clean_20260605_215727_087381.jpg,adv_20260605_215750_533919.jpg,28.78
clean_20260605_215727_087381.jpg,adv_20260605_215752_721990.jpg,44.76
clean_20260605_215727_087381.jpg,adv_20260605_215755_307287.jpg,44.49
clean_20260605_215727_087381.jpg,adv_20260605_215757_810874.jpg,45.13
clean_20260605_215727_087381.jpg,adv_20260605_215800_592501.jpg,45.37
clean_20260605_215727_087381.jpg,adv_20260605_215803_081455.jpg,45.32
clean_20260605_215727_087381.jpg,adv_20260605_215805_938313.jpg,45.45
clean_20260605_215727_087381.jpg,adv_20260605_215808_796071.jpg,45.73
clean_20260605_215727_087381.jpg,adv_20260605_215812_986796.jpg,45.57
clean_20260605_215727_087381.jpg,adv_20260605_215818_237625.jpg,46.62
clean_20260605_215727_087381.jpg,adv_20260605_215823_308924.jpg,46.26
clean_20260605_215727_087381.jpg,adv_20260605_215829_145319.jpg,45.18
clean_20260605_215727_087381.jpg,adv_20260605_215834_137085.jpg,43.98
clean_20260605_215727_087381.jpg,adv_20260605_215838_559498.jpg,44.77
clean_20260605_215727_087381.jpg,adv_20260605_215843_958127.jpg,44.79
clean_20260605_215727_087381.jpg,adv_20260605_215848_819475.jpg,44.77
clean_20260605_215727_087381.jpg,adv_20260605_215852_690638.jpg,45.33
clean_20260605_215727_087381.jpg,adv_20260605_215857_082744.jpg,45.53
clean_20260605_215727_087381.jpg,adv_20260605_215900_620554.jpg,45.62
clean_20260605_215727_087381.jpg,adv_20260605_215903_720048.jpg,45.67
clean_20260605_215727_087381.jpg,adv_20260605_215909_062375.jpg,45.66
clean_20260605_215727_087381.jpg,adv_20260605_215916_342726.jpg,45.66
clean_20260605_215727_087381.jpg,adv_20260605_215920_532905.jpg,45.28
clean_20260605_215727_087381.jpg,adv_20260605_215924_597056.jpg,45.25
clean_20260605_215727_087381.jpg,adv_20260605_215932_155746.jpg,45.16
clean_20260605_215727_087381.jpg,adv_20260605_215936_620273.jpg,45.55
clean_20260605_215727_087381.jpg,adv_20260605_215939_969450.jpg,45.56
clean_20260605_215727_087381.jpg,adv_20260605_215945_620841.jpg,45.49
clean_20260605_215727_087381.jpg,adv_20260605_215949_643689.jpg,45.16
clean_20260605_215727_087381.jpg,adv_20260605_215955_329492.jpg,44.3
clean_20260605_215727_087381.jpg,adv_20260605_220000_522410.jpg,47.5
clean_20260605_215727_087381.jpg,adv_20260605_220003_401347.jpg,43.94
clean_20260605_215727_087381.jpg,adv_20260605_220008_438069.jpg,43.85
clean_20260605_215727_087381.jpg,adv_20260605_220015_985705.jpg,43.68
clean_20260605_215727_279924.jpg,adv_20260601_200722_033489.jpg,37.09
clean_20260605_215727_279924.jpg,adv_20260601_200726_985328.jpg,22.85
clean_20260605_215727_279924.jpg,adv_20260601_200732_790092.jpg,67.38
clean_20260605_215727_279924.jpg,adv_20260601_200735_190392.jpg,58.53
clean_20260605_215727_279924.jpg,adv_20260601_200737_438642.jpg,32.6
clean_20260605_215727_279924.jpg,adv_20260601_200740_257993.jpg,32.27
clean_20260605_215727_279924.jpg,adv_20260601_200742_857943.jpg,55.09
clean_20260605_215727_279924.jpg,adv_20260601_200745_536431.jpg,52.08
clean_20260605_215727_279924.jpg,adv_20260601_200748_060134.jpg,48.18
clean_20260605_215727_279924.jpg,adv_20260601_200750_768035.jpg,57.84
clean_20260605_215727_279924.jpg,adv_20260601_200753_275939.jpg,57.91
clean_20260605_215727_279924.jpg,adv_20260601_200755_934735.jpg,59.62
clean_20260605_215727_279924.jpg,adv_20260601_200758_560376.jpg,59.46
clean_20260605_215727_279924.jpg,adv_20260601_200801_309674.jpg,59.67
clean_20260605_215727_279924.jpg,adv_20260601_200804_016125.jpg,60.1
clean_20260605_215727_279924.jpg,adv_20260601_200806_798043.jpg,59.92
clean_20260605_215727_279924.jpg,adv_20260601_200809_331978.jpg,59.08
clean_20260605_215727_279924.jpg,adv_20260601_200811_983553.jpg,56.29
clean_20260605_215727_279924.jpg,adv_20260601_200814_628342.jpg,56.78
clean_20260605_215727_279924.jpg,adv_20260605_215748_101872.jpg,28.69
clean_20260605_215727_279924.jpg,adv_20260605_215750_533919.jpg,28.39
clean_20260605_215727_279924.jpg,adv_20260605_215752_721990.jpg,44.78
clean_20260605_215727_279924.jpg,adv_20260605_215755_307287.jpg,44.51
clean_20260605_215727_279924.jpg,adv_20260605_215757_810874.jpg,45.19
clean_20260605_215727_279924.jpg,adv_20260605_215800_592501.jpg,45.39
clean_20260605_215727_279924.jpg,adv_20260605_215803_081455.jpg,45.35
clean_20260605_215727_279924.jpg,adv_20260605_215805_938313.jpg,45.47
clean_20260605_215727_279924.jpg,adv_20260605_215808_796071.jpg,45.77
clean_20260605_215727_279924.jpg,adv_20260605_215812_986796.jpg,45.6
clean_20260605_215727_279924.jpg,adv_20260605_215818_237625.jpg,46.65
clean_20260605_215727_279924.jpg,adv_20260605_215823_308924.jpg,46.3
clean_20260605_215727_279924.jpg,adv_20260605_215829_145319.jpg,45.24
clean_20260605_215727_279924.jpg,adv_20260605_215834_137085.jpg,44.0
clean_20260605_215727_279924.jpg,adv_20260605_215838_559498.jpg,44.83
clean_20260605_215727_279924.jpg,adv_20260605_215843_958127.jpg,44.84
clean_20260605_215727_279924.jpg,adv_20260605_215848_819475.jpg,44.82
clean_20260605_215727_279924.jpg,adv_20260605_215852_690638.jpg,45.38
clean_20260605_215727_279924.jpg,adv_20260605_215857_082744.jpg,45.58
clean_20260605_215727_279924.jpg,adv_20260605_215900_620554.jpg,45.67
clean_20260605_215727_279924.jpg,adv_20260605_215903_720048.jpg,45.71
clean_20260605_215727_279924.jpg,adv_20260605_215909_062375.jpg,45.72
clean_20260605_215727_279924.jpg,adv_20260605_215916_342726.jpg,45.7
clean_20260605_215727_279924.jpg,adv_20260605_215920_532905.jpg,45.3
clean_20260605_215727_279924.jpg,adv_20260605_215924_597056.jpg,45.29
clean_20260605_215727_279924.jpg,adv_20260605_215932_155746.jpg,45.2
clean_20260605_215727_279924.jpg,adv_20260605_215936_620273.jpg,45.59
clean_20260605_215727_279924.jpg,adv_20260605_215939_969450.jpg,45.6
clean_20260605_215727_279924.jpg,adv_20260605_215945_620841.jpg,45.55
clean_20260605_215727_279924.jpg,adv_20260605_215949_643689.jpg,45.21
clean_20260605_215727_279924.jpg,adv_20260605_215955_329492.jpg,44.34
clean_20260605_215727_279924.jpg,adv_20260605_220000_522410.jpg,47.75
clean_20260605_215727_279924.jpg,adv_20260605_220003_401347.jpg,43.98
clean_20260605_215727_279924.jpg,adv_20260605_220008_438069.jpg,43.9
clean_20260605_215727_279924.jpg,adv_20260605_220015_985705.jpg,43.74
clean_20260605_215727_487319.jpg,adv_20260601_200722_033489.jpg,37.13
clean_20260605_215727_487319.jpg,adv_20260601_200726_985328.jpg,22.86
clean_20260605_215727_487319.jpg,adv_20260601_200732_790092.jpg,67.39
clean_20260605_215727_487319.jpg,adv_20260601_200735_190392.jpg,58.54
clean_20260605_215727_487319.jpg,adv_20260601_200737_438642.jpg,32.6
clean_20260605_215727_487319.jpg,adv_20260601_200740_257993.jpg,32.28
clean_20260605_215727_487319.jpg,adv_20260601_200742_857943.jpg,55.09
clean_20260605_215727_487319.jpg,adv_20260601_200745_536431.jpg,52.07
clean_20260605_215727_487319.jpg,adv_20260601_200748_060134.jpg,48.19
clean_20260605_215727_487319.jpg,adv_20260601_200750_768035.jpg,57.83
clean_20260605_215727_487319.jpg,adv_20260601_200753_275939.jpg,57.91
clean_20260605_215727_487319.jpg,adv_20260601_200755_934735.jpg,59.63
clean_20260605_215727_487319.jpg,adv_20260601_200758_560376.jpg,59.46
clean_20260605_215727_487319.jpg,adv_20260601_200801_309674.jpg,59.66
clean_20260605_215727_487319.jpg,adv_20260601_200804_016125.jpg,60.09
clean_20260605_215727_487319.jpg,adv_20260601_200806_798043.jpg,59.92
clean_20260605_215727_487319.jpg,adv_20260601_200809_331978.jpg,59.08
clean_20260605_215727_487319.jpg,adv_20260601_200811_983553.jpg,56.3
clean_20260605_215727_487319.jpg,adv_20260601_200814_628342.jpg,56.78
clean_20260605_215727_487319.jpg,adv_20260605_215748_101872.jpg,28.62
clean_20260605_215727_487319.jpg,adv_20260605_215750_533919.jpg,28.32
clean_20260605_215727_487319.jpg,adv_20260605_215752_721990.jpg,44.81
clean_20260605_215727_487319.jpg,adv_20260605_215755_307287.jpg,44.55
clean_20260605_215727_487319.jpg,adv_20260605_215757_810874.jpg,45.21
clean_20260605_215727_487319.jpg,adv_20260605_215800_592501.jpg,45.42
clean_20260605_215727_487319.jpg,adv_20260605_215803_081455.jpg,45.36
clean_20260605_215727_487319.jpg,adv_20260605_215805_938313.jpg,45.49
clean_20260605_215727_487319.jpg,adv_20260605_215808_796071.jpg,45.78
clean_20260605_215727_487319.jpg,adv_20260605_215812_986796.jpg,45.62
clean_20260605_215727_487319.jpg,adv_20260605_215818_237625.jpg,46.69
clean_20260605_215727_487319.jpg,adv_20260605_215823_308924.jpg,46.34
clean_20260605_215727_487319.jpg,adv_20260605_215829_145319.jpg,45.27
clean_20260605_215727_487319.jpg,adv_20260605_215834_137085.jpg,44.04
clean_20260605_215727_487319.jpg,adv_20260605_215838_559498.jpg,44.87
clean_20260605_215727_487319.jpg,adv_20260605_215843_958127.jpg,44.88
clean_20260605_215727_487319.jpg,adv_20260605_215848_819475.jpg,44.85
clean_20260605_215727_487319.jpg,adv_20260605_215852_690638.jpg,45.43
clean_20260605_215727_487319.jpg,adv_20260605_215857_082744.jpg,45.63
clean_20260605_215727_487319.jpg,adv_20260605_215900_620554.jpg,45.71
clean_20260605_215727_487319.jpg,adv_20260605_215903_720048.jpg,45.74
clean_20260605_215727_487319.jpg,adv_20260605_215909_062375.jpg,45.75
clean_20260605_215727_487319.jpg,adv_20260605_215916_342726.jpg,45.73
clean_20260605_215727_487319.jpg,adv_20260605_215920_532905.jpg,45.33
clean_20260605_215727_487319.jpg,adv_20260605_215924_597056.jpg,45.33
clean_20260605_215727_487319.jpg,adv_20260605_215932_155746.jpg,45.24
clean_20260605_215727_487319.jpg,adv_20260605_215936_620273.jpg,45.63
clean_20260605_215727_487319.jpg,adv_20260605_215939_969450.jpg,45.63
clean_20260605_215727_487319.jpg,adv_20260605_215945_620841.jpg,45.58
clean_20260605_215727_487319.jpg,adv_20260605_215949_643689.jpg,45.24
clean_20260605_215727_487319.jpg,adv_20260605_215955_329492.jpg,44.39
clean_20260605_215727_487319.jpg,adv_20260605_220000_522410.jpg,47.83
clean_20260605_215727_487319.jpg,adv_20260605_220003_401347.jpg,43.99
clean_20260605_215727_487319.jpg,adv_20260605_220008_438069.jpg,43.92
clean_20260605_215727_487319.jpg,adv_20260605_220015_985705.jpg,43.76
clean_20260605_215727_679119.jpg,adv_20260601_200722_033489.jpg,37.1
clean_20260605_215727_679119.jpg,adv_20260601_200726_985328.jpg,22.92
clean_20260605_215727_679119.jpg,adv_20260601_200732_790092.jpg,67.27
clean_20260605_215727_679119.jpg,adv_20260601_200735_190392.jpg,58.4
clean_20260605_215727_679119.jpg,adv_20260601_200737_438642.jpg,32.54
clean_20260605_215727_679119.jpg,adv_20260601_200740_257993.jpg,32.21
clean_20260605_215727_679119.jpg,adv_20260601_200742_857943.jpg,54.98
clean_20260605_215727_679119.jpg,adv_20260601_200745_536431.jpg,51.95
clean_20260605_215727_679119.jpg,adv_20260601_200748_060134.jpg,48.14
clean_20260605_215727_679119.jpg,adv_20260601_200750_768035.jpg,57.73
clean_20260605_215727_679119.jpg,adv_20260601_200753_275939.jpg,57.79
clean_20260605_215727_679119.jpg,adv_20260601_200755_934735.jpg,59.5
clean_20260605_215727_679119.jpg,adv_20260601_200758_560376.jpg,59.32
clean_20260605_215727_679119.jpg,adv_20260601_200801_309674.jpg,59.56
clean_20260605_215727_679119.jpg,adv_20260601_200804_016125.jpg,59.99
clean_20260605_215727_679119.jpg,adv_20260601_200806_798043.jpg,59.8
clean_20260605_215727_679119.jpg,adv_20260601_200809_331978.jpg,58.97
clean_20260605_215727_679119.jpg,adv_20260601_200811_983553.jpg,56.17
clean_20260605_215727_679119.jpg,adv_20260601_200814_628342.jpg,56.65
clean_20260605_215727_679119.jpg,adv_20260605_215748_101872.jpg,28.82
clean_20260605_215727_679119.jpg,adv_20260605_215750_533919.jpg,28.53
clean_20260605_215727_679119.jpg,adv_20260605_215752_721990.jpg,44.73
clean_20260605_215727_679119.jpg,adv_20260605_215755_307287.jpg,44.47
clean_20260605_215727_679119.jpg,adv_20260605_215757_810874.jpg,45.14
clean_20260605_215727_679119.jpg,adv_20260605_215800_592501.jpg,45.35
clean_20260605_215727_679119.jpg,adv_20260605_215803_081455.jpg,45.3
clean_20260605_215727_679119.jpg,adv_20260605_215805_938313.jpg,45.43
clean_20260605_215727_679119.jpg,adv_20260605_215808_796071.jpg,45.72
clean_20260605_215727_679119.jpg,adv_20260605_215812_986796.jpg,45.57
clean_20260605_215727_679119.jpg,adv_20260605_215818_237625.jpg,46.62
clean_20260605_215727_679119.jpg,adv_20260605_215823_308924.jpg,46.28
clean_20260605_215727_679119.jpg,adv_20260605_215829_145319.jpg,45.2
clean_20260605_215727_679119.jpg,adv_20260605_215834_137085.jpg,43.99
clean_20260605_215727_679119.jpg,adv_20260605_215838_559498.jpg,44.79
clean_20260605_215727_679119.jpg,adv_20260605_215843_958127.jpg,44.81
clean_20260605_215727_679119.jpg,adv_20260605_215848_819475.jpg,44.78
clean_20260605_215727_679119.jpg,adv_20260605_215852_690638.jpg,45.35
clean_20260605_215727_679119.jpg,adv_20260605_215857_082744.jpg,45.55
clean_20260605_215727_679119.jpg,adv_20260605_215900_620554.jpg,45.65
clean_20260605_215727_679119.jpg,adv_20260605_215903_720048.jpg,45.67
clean_20260605_215727_679119.jpg,adv_20260605_215909_062375.jpg,45.67
clean_20260605_215727_679119.jpg,adv_20260605_215916_342726.jpg,45.66
clean_20260605_215727_679119.jpg,adv_20260605_215920_532905.jpg,45.27
clean_20260605_215727_679119.jpg,adv_20260605_215924_597056.jpg,45.24
clean_20260605_215727_679119.jpg,adv_20260605_215932_155746.jpg,45.15
clean_20260605_215727_679119.jpg,adv_20260605_215936_620273.jpg,45.55
clean_20260605_215727_679119.jpg,adv_20260605_215939_969450.jpg,45.57
clean_20260605_215727_679119.jpg,adv_20260605_215945_620841.jpg,45.5
clean_20260605_215727_679119.jpg,adv_20260605_215949_643689.jpg,45.15
clean_20260605_215727_679119.jpg,adv_20260605_215955_329492.jpg,44.3
clean_20260605_215727_679119.jpg,adv_20260605_220000_522410.jpg,47.63
clean_20260605_215727_679119.jpg,adv_20260605_220003_401347.jpg,43.89
clean_20260605_215727_679119.jpg,adv_20260605_220008_438069.jpg,43.82
clean_20260605_215727_679119.jpg,adv_20260605_220015_985705.jpg,43.65
clean_20260605_215727_887285.jpg,adv_20260601_200722_033489.jpg,36.69
clean_20260605_215727_887285.jpg,adv_20260601_200726_985328.jpg,23.17
clean_20260605_215727_887285.jpg,adv_20260601_200732_790092.jpg,66.94
clean_20260605_215727_887285.jpg,adv_20260601_200735_190392.jpg,57.89
clean_20260605_215727_887285.jpg,adv_20260601_200737_438642.jpg,32.82
clean_20260605_215727_887285.jpg,adv_20260601_200740_257993.jpg,32.37
clean_20260605_215727_887285.jpg,adv_20260601_200742_857943.jpg,54.59
clean_20260605_215727_887285.jpg,adv_20260601_200745_536431.jpg,51.6
clean_20260605_215727_887285.jpg,adv_20260601_200748_060134.jpg,47.95
clean_20260605_215727_887285.jpg,adv_20260601_200750_768035.jpg,57.36
clean_20260605_215727_887285.jpg,adv_20260601_200753_275939.jpg,57.46
clean_20260605_215727_887285.jpg,adv_20260601_200755_934735.jpg,58.95
clean_20260605_215727_887285.jpg,adv_20260601_200758_560376.jpg,59.14
clean_20260605_215727_887285.jpg,adv_20260601_200801_309674.jpg,59.37
clean_20260605_215727_887285.jpg,adv_20260601_200804_016125.jpg,59.72
clean_20260605_215727_887285.jpg,adv_20260601_200806_798043.jpg,59.6
clean_20260605_215727_887285.jpg,adv_20260601_200809_331978.jpg,58.73
clean_20260605_215727_887285.jpg,adv_20260601_200811_983553.jpg,55.77
clean_20260605_215727_887285.jpg,adv_20260601_200814_628342.jpg,56.05
clean_20260605_215727_887285.jpg,adv_20260605_215748_101872.jpg,29.8
clean_20260605_215727_887285.jpg,adv_20260605_215750_533919.jpg,29.51
clean_20260605_215727_887285.jpg,adv_20260605_215752_721990.jpg,44.7
clean_20260605_215727_887285.jpg,adv_20260605_215755_307287.jpg,44.4
clean_20260605_215727_887285.jpg,adv_20260605_215757_810874.jpg,44.96
clean_20260605_215727_887285.jpg,adv_20260605_215800_592501.jpg,45.3
clean_20260605_215727_887285.jpg,adv_20260605_215803_081455.jpg,45.25
clean_20260605_215727_887285.jpg,adv_20260605_215805_938313.jpg,45.38
clean_20260605_215727_887285.jpg,adv_20260605_215808_796071.jpg,45.68
clean_20260605_215727_887285.jpg,adv_20260605_215812_986796.jpg,45.53
clean_20260605_215727_887285.jpg,adv_20260605_215818_237625.jpg,46.57
clean_20260605_215727_887285.jpg,adv_20260605_215823_308924.jpg,46.2
clean_20260605_215727_887285.jpg,adv_20260605_215829_145319.jpg,45.15
clean_20260605_215727_887285.jpg,adv_20260605_215834_137085.jpg,44.03
clean_20260605_215727_887285.jpg,adv_20260605_215838_559498.jpg,44.67
clean_20260605_215727_887285.jpg,adv_20260605_215843_958127.jpg,44.68
clean_20260605_215727_887285.jpg,adv_20260605_215848_819475.jpg,44.68
clean_20260605_215727_887285.jpg,adv_20260605_215852_690638.jpg,45.2
clean_20260605_215727_887285.jpg,adv_20260605_215857_082744.jpg,45.42
clean_20260605_215727_887285.jpg,adv_20260605_215900_620554.jpg,45.51
clean_20260605_215727_887285.jpg,adv_20260605_215903_720048.jpg,45.55
clean_20260605_215727_887285.jpg,adv_20260605_215909_062375.jpg,45.48
clean_20260605_215727_887285.jpg,adv_20260605_215916_342726.jpg,45.49
clean_20260605_215727_887285.jpg,adv_20260605_215920_532905.jpg,45.12
clean_20260605_215727_887285.jpg,adv_20260605_215924_597056.jpg,45.08
clean_20260605_215727_887285.jpg,adv_20260605_215932_155746.jpg,45.0
clean_20260605_215727_887285.jpg,adv_20260605_215936_620273.jpg,45.39
clean_20260605_215727_887285.jpg,adv_20260605_215939_969450.jpg,45.39
clean_20260605_215727_887285.jpg,adv_20260605_215945_620841.jpg,45.35
clean_20260605_215727_887285.jpg,adv_20260605_215949_643689.jpg,44.99
clean_20260605_215727_887285.jpg,adv_20260605_215955_329492.jpg,44.17
clean_20260605_215727_887285.jpg,adv_20260605_220000_522410.jpg,46.89
clean_20260605_215727_887285.jpg,adv_20260605_220003_401347.jpg,43.93
clean_20260605_215727_887285.jpg,adv_20260605_220008_438069.jpg,43.88
clean_20260605_215727_887285.jpg,adv_20260605_220015_985705.jpg,43.63
clean_20260605_215728_090977.jpg,adv_20260601_200722_033489.jpg,36.3
clean_20260605_215728_090977.jpg,adv_20260601_200726_985328.jpg,23.62
clean_20260605_215728_090977.jpg,adv_20260601_200732_790092.jpg,66.86
clean_20260605_215728_090977.jpg,adv_20260601_200735_190392.jpg,57.74
clean_20260605_215728_090977.jpg,adv_20260601_200737_438642.jpg,34.08
clean_20260605_215728_090977.jpg,adv_20260601_200740_257993.jpg,33.63
clean_20260605_215728_090977.jpg,adv_20260601_200742_857943.jpg,54.49
clean_20260605_215728_090977.jpg,adv_20260601_200745_536431.jpg,51.56
clean_20260605_215728_090977.jpg,adv_20260601_200748_060134.jpg,47.83
clean_20260605_215728_090977.jpg,adv_20260601_200750_768035.jpg,57.23
clean_20260605_215728_090977.jpg,adv_20260601_200753_275939.jpg,57.41
clean_20260605_215728_090977.jpg,adv_20260601_200755_934735.jpg,58.66
clean_20260605_215728_090977.jpg,adv_20260601_200758_560376.jpg,59.19
clean_20260605_215728_090977.jpg,adv_20260601_200801_309674.jpg,59.43
clean_20260605_215728_090977.jpg,adv_20260601_200804_016125.jpg,59.64
clean_20260605_215728_090977.jpg,adv_20260601_200806_798043.jpg,59.54
clean_20260605_215728_090977.jpg,adv_20260601_200809_331978.jpg,58.61
clean_20260605_215728_090977.jpg,adv_20260601_200811_983553.jpg,55.39
clean_20260605_215728_090977.jpg,adv_20260601_200814_628342.jpg,55.65
clean_20260605_215728_090977.jpg,adv_20260605_215748_101872.jpg,30.67
clean_20260605_215728_090977.jpg,adv_20260605_215750_533919.jpg,30.38
clean_20260605_215728_090977.jpg,adv_20260605_215752_721990.jpg,44.85
clean_20260605_215728_090977.jpg,adv_20260605_215755_307287.jpg,44.61
clean_20260605_215728_090977.jpg,adv_20260605_215757_810874.jpg,45.34
clean_20260605_215728_090977.jpg,adv_20260605_215800_592501.jpg,45.79
clean_20260605_215728_090977.jpg,adv_20260605_215803_081455.jpg,45.82
clean_20260605_215728_090977.jpg,adv_20260605_215805_938313.jpg,45.91
clean_20260605_215728_090977.jpg,adv_20260605_215808_796071.jpg,46.18
clean_20260605_215728_090977.jpg,adv_20260605_215812_986796.jpg,46.05
clean_20260605_215728_090977.jpg,adv_20260605_215818_237625.jpg,46.88
clean_20260605_215728_090977.jpg,adv_20260605_215823_308924.jpg,46.39
clean_20260605_215728_090977.jpg,adv_20260605_215829_145319.jpg,45.37
clean_20260605_215728_090977.jpg,adv_20260605_215834_137085.jpg,44.35
clean_20260605_215728_090977.jpg,adv_20260605_215838_559498.jpg,44.88
clean_20260605_215728_090977.jpg,adv_20260605_215843_958127.jpg,44.87
clean_20260605_215728_090977.jpg,adv_20260605_215848_819475.jpg,44.91
clean_20260605_215728_090977.jpg,adv_20260605_215852_690638.jpg,45.5
clean_20260605_215728_090977.jpg,adv_20260605_215857_082744.jpg,45.73
clean_20260605_215728_090977.jpg,adv_20260605_215900_620554.jpg,45.78
clean_20260605_215728_090977.jpg,adv_20260605_215903_720048.jpg,45.8
clean_20260605_215728_090977.jpg,adv_20260605_215909_062375.jpg,45.73
clean_20260605_215728_090977.jpg,adv_20260605_215916_342726.jpg,45.77
clean_20260605_215728_090977.jpg,adv_20260605_215920_532905.jpg,45.44
clean_20260605_215728_090977.jpg,adv_20260605_215924_597056.jpg,45.45
clean_20260605_215728_090977.jpg,adv_20260605_215932_155746.jpg,45.34
clean_20260605_215728_090977.jpg,adv_20260605_215936_620273.jpg,45.71
clean_20260605_215728_090977.jpg,adv_20260605_215939_969450.jpg,45.68
clean_20260605_215728_090977.jpg,adv_20260605_215945_620841.jpg,45.66
clean_20260605_215728_090977.jpg,adv_20260605_215949_643689.jpg,45.32
clean_20260605_215728_090977.jpg,adv_20260605_215955_329492.jpg,44.51
clean_20260605_215728_090977.jpg,adv_20260605_220000_522410.jpg,46.37
clean_20260605_215728_090977.jpg,adv_20260605_220003_401347.jpg,44.33
clean_20260605_215728_090977.jpg,adv_20260605_220008_438069.jpg,44.36
clean_20260605_215728_090977.jpg,adv_20260605_220015_985705.jpg,44.19
clean_20260605_215728_289541.jpg,adv_20260601_200722_033489.jpg,36.2
clean_20260605_215728_289541.jpg,adv_20260601_200726_985328.jpg,23.91
clean_20260605_215728_289541.jpg,adv_20260601_200732_790092.jpg,66.99
clean_20260605_215728_289541.jpg,adv_20260601_200735_190392.jpg,57.93
clean_20260605_215728_289541.jpg,adv_20260601_200737_438642.jpg,34.63
clean_20260605_215728_289541.jpg,adv_20260601_200740_257993.jpg,34.14
clean_20260605_215728_289541.jpg,adv_20260601_200742_857943.jpg,54.63
clean_20260605_215728_289541.jpg,adv_20260601_200745_536431.jpg,51.67
clean_20260605_215728_289541.jpg,adv_20260601_200748_060134.jpg,47.92
clean_20260605_215728_289541.jpg,adv_20260601_200750_768035.jpg,57.43
clean_20260605_215728_289541.jpg,adv_20260601_200753_275939.jpg,57.63
clean_20260605_215728_289541.jpg,adv_20260601_200755_934735.jpg,58.85
clean_20260605_215728_289541.jpg,adv_20260601_200758_560376.jpg,59.34
clean_20260605_215728_289541.jpg,adv_20260601_200801_309674.jpg,59.62
clean_20260605_215728_289541.jpg,adv_20260601_200804_016125.jpg,59.76
clean_20260605_215728_289541.jpg,adv_20260601_200806_798043.jpg,59.69
clean_20260605_215728_289541.jpg,adv_20260601_200809_331978.jpg,58.73
clean_20260605_215728_289541.jpg,adv_20260601_200811_983553.jpg,55.48
clean_20260605_215728_289541.jpg,adv_20260601_200814_628342.jpg,55.77
clean_20260605_215728_289541.jpg,adv_20260605_215748_101872.jpg,31.08
clean_20260605_215728_289541.jpg,adv_20260605_215750_533919.jpg,30.76
clean_20260605_215728_289541.jpg,adv_20260605_215752_721990.jpg,45.0
clean_20260605_215728_289541.jpg,adv_20260605_215755_307287.jpg,44.79
clean_20260605_215728_289541.jpg,adv_20260605_215757_810874.jpg,45.58
clean_20260605_215728_289541.jpg,adv_20260605_215800_592501.jpg,46.06
clean_20260605_215728_289541.jpg,adv_20260605_215803_081455.jpg,46.08
clean_20260605_215728_289541.jpg,adv_20260605_215805_938313.jpg,46.16
clean_20260605_215728_289541.jpg,adv_20260605_215808_796071.jpg,46.42
clean_20260605_215728_289541.jpg,adv_20260605_215812_986796.jpg,46.31
clean_20260605_215728_289541.jpg,adv_20260605_215818_237625.jpg,47.02
clean_20260605_215728_289541.jpg,adv_20260605_215823_308924.jpg,46.52
clean_20260605_215728_289541.jpg,adv_20260605_215829_145319.jpg,45.53
clean_20260605_215728_289541.jpg,adv_20260605_215834_137085.jpg,44.51
clean_20260605_215728_289541.jpg,adv_20260605_215838_559498.jpg,45.01
clean_20260605_215728_289541.jpg,adv_20260605_215843_958127.jpg,44.99
clean_20260605_215728_289541.jpg,adv_20260605_215848_819475.jpg,45.02
clean_20260605_215728_289541.jpg,adv_20260605_215852_690638.jpg,45.64
clean_20260605_215728_289541.jpg,adv_20260605_215857_082744.jpg,45.86
clean_20260605_215728_289541.jpg,adv_20260605_215900_620554.jpg,45.92
clean_20260605_215728_289541.jpg,adv_20260605_215903_720048.jpg,45.95
clean_20260605_215728_289541.jpg,adv_20260605_215909_062375.jpg,45.88
clean_20260605_215728_289541.jpg,adv_20260605_215916_342726.jpg,45.91
clean_20260605_215728_289541.jpg,adv_20260605_215920_532905.jpg,45.6
clean_20260605_215728_289541.jpg,adv_20260605_215924_597056.jpg,45.61
clean_20260605_215728_289541.jpg,adv_20260605_215932_155746.jpg,45.51
clean_20260605_215728_289541.jpg,adv_20260605_215936_620273.jpg,45.89
clean_20260605_215728_289541.jpg,adv_20260605_215939_969450.jpg,45.85
clean_20260605_215728_289541.jpg,adv_20260605_215945_620841.jpg,45.82
clean_20260605_215728_289541.jpg,adv_20260605_215949_643689.jpg,45.49
clean_20260605_215728_289541.jpg,adv_20260605_215955_329492.jpg,44.68
clean_20260605_215728_289541.jpg,adv_20260605_220000_522410.jpg,46.21
clean_20260605_215728_289541.jpg,adv_20260605_220003_401347.jpg,44.56
clean_20260605_215728_289541.jpg,adv_20260605_220008_438069.jpg,44.6
clean_20260605_215728_289541.jpg,adv_20260605_220015_985705.jpg,44.45
clean_20260605_215728_494301.jpg,adv_20260601_200722_033489.jpg,36.15
clean_20260605_215728_494301.jpg,adv_20260601_200726_985328.jpg,23.94
clean_20260605_215728_494301.jpg,adv_20260601_200732_790092.jpg,67.07
clean_20260605_215728_494301.jpg,adv_20260601_200735_190392.jpg,58.03
clean_20260605_215728_494301.jpg,adv_20260601_200737_438642.jpg,34.68
clean_20260605_215728_494301.jpg,adv_20260601_200740_257993.jpg,34.18
clean_20260605_215728_494301.jpg,adv_20260601_200742_857943.jpg,54.71
clean_20260605_215728_494301.jpg,adv_20260601_200745_536431.jpg,51.72
clean_20260605_215728_494301.jpg,adv_20260601_200748_060134.jpg,47.97
clean_20260605_215728_494301.jpg,adv_20260601_200750_768035.jpg,57.51
clean_20260605_215728_494301.jpg,adv_20260601_200753_275939.jpg,57.69
clean_20260605_215728_494301.jpg,adv_20260601_200755_934735.jpg,58.93
clean_20260605_215728_494301.jpg,adv_20260601_200758_560376.jpg,59.41
clean_20260605_215728_494301.jpg,adv_20260601_200801_309674.jpg,59.69
clean_20260605_215728_494301.jpg,adv_20260601_200804_016125.jpg,59.84
clean_20260605_215728_494301.jpg,adv_20260601_200806_798043.jpg,59.75
clean_20260605_215728_494301.jpg,adv_20260601_200809_331978.jpg,58.8
clean_20260605_215728_494301.jpg,adv_20260601_200811_983553.jpg,55.55
clean_20260605_215728_494301.jpg,adv_20260601_200814_628342.jpg,55.85
clean_20260605_215728_494301.jpg,adv_20260605_215748_101872.jpg,31.08
clean_20260605_215728_494301.jpg,adv_20260605_215750_533919.jpg,30.78
clean_20260605_215728_494301.jpg,adv_20260605_215752_721990.jpg,45.0
clean_20260605_215728_494301.jpg,adv_20260605_215755_307287.jpg,44.79
clean_20260605_215728_494301.jpg,adv_20260605_215757_810874.jpg,45.58
clean_20260605_215728_494301.jpg,adv_20260605_215800_592501.jpg,46.07
clean_20260605_215728_494301.jpg,adv_20260605_215803_081455.jpg,46.09
clean_20260605_215728_494301.jpg,adv_20260605_215805_938313.jpg,46.17
clean_20260605_215728_494301.jpg,adv_20260605_215808_796071.jpg,46.43
clean_20260605_215728_494301.jpg,adv_20260605_215812_986796.jpg,46.32
clean_20260605_215728_494301.jpg,adv_20260605_215818_237625.jpg,47.02
clean_20260605_215728_494301.jpg,adv_20260605_215823_308924.jpg,46.52
clean_20260605_215728_494301.jpg,adv_20260605_215829_145319.jpg,45.53
clean_20260605_215728_494301.jpg,adv_20260605_215834_137085.jpg,44.52
clean_20260605_215728_494301.jpg,adv_20260605_215838_559498.jpg,45.01
clean_20260605_215728_494301.jpg,adv_20260605_215843_958127.jpg,44.98
clean_20260605_215728_494301.jpg,adv_20260605_215848_819475.jpg,45.04
clean_20260605_215728_494301.jpg,adv_20260605_215852_690638.jpg,45.63
clean_20260605_215728_494301.jpg,adv_20260605_215857_082744.jpg,45.86
clean_20260605_215728_494301.jpg,adv_20260605_215900_620554.jpg,45.92
clean_20260605_215728_494301.jpg,adv_20260605_215903_720048.jpg,45.95
clean_20260605_215728_494301.jpg,adv_20260605_215909_062375.jpg,45.88
clean_20260605_215728_494301.jpg,adv_20260605_215916_342726.jpg,45.91
clean_20260605_215728_494301.jpg,adv_20260605_215920_532905.jpg,45.6
clean_20260605_215728_494301.jpg,adv_20260605_215924_597056.jpg,45.62
clean_20260605_215728_494301.jpg,adv_20260605_215932_155746.jpg,45.51
clean_20260605_215728_494301.jpg,adv_20260605_215936_620273.jpg,45.89
clean_20260605_215728_494301.jpg,adv_20260605_215939_969450.jpg,45.85
clean_20260605_215728_494301.jpg,adv_20260605_215945_620841.jpg,45.82
clean_20260605_215728_494301.jpg,adv_20260605_215949_643689.jpg,45.5
clean_20260605_215728_494301.jpg,adv_20260605_215955_329492.jpg,44.69
clean_20260605_215728_494301.jpg,adv_20260605_220000_522410.jpg,46.21
clean_20260605_215728_494301.jpg,adv_20260605_220003_401347.jpg,44.59
clean_20260605_215728_494301.jpg,adv_20260605_220008_438069.jpg,44.62
clean_20260605_215728_494301.jpg,adv_20260605_220015_985705.jpg,44.47
clean_20260605_215728_701073.jpg,adv_20260601_200722_033489.jpg,36.16
clean_20260605_215728_701073.jpg,adv_20260601_200726_985328.jpg,23.97
clean_20260605_215728_701073.jpg,adv_20260601_200732_790092.jpg,67.1
clean_20260605_215728_701073.jpg,adv_20260601_200735_190392.jpg,58.06
clean_20260605_215728_701073.jpg,adv_20260601_200737_438642.jpg,34.7
clean_20260605_215728_701073.jpg,adv_20260601_200740_257993.jpg,34.19
clean_20260605_215728_701073.jpg,adv_20260601_200742_857943.jpg,54.75
clean_20260605_215728_701073.jpg,adv_20260601_200745_536431.jpg,51.8
clean_20260605_215728_701073.jpg,adv_20260601_200748_060134.jpg,48.05
clean_20260605_215728_701073.jpg,adv_20260601_200750_768035.jpg,57.54
clean_20260605_215728_701073.jpg,adv_20260601_200753_275939.jpg,57.71
clean_20260605_215728_701073.jpg,adv_20260601_200755_934735.jpg,58.97
clean_20260605_215728_701073.jpg,adv_20260601_200758_560376.jpg,59.43
clean_20260605_215728_701073.jpg,adv_20260601_200801_309674.jpg,59.69
clean_20260605_215728_701073.jpg,adv_20260601_200804_016125.jpg,59.88
clean_20260605_215728_701073.jpg,adv_20260601_200806_798043.jpg,59.75
clean_20260605_215728_701073.jpg,adv_20260601_200809_331978.jpg,58.84
clean_20260605_215728_701073.jpg,adv_20260601_200811_983553.jpg,55.58
clean_20260605_215728_701073.jpg,adv_20260601_200814_628342.jpg,55.86
clean_20260605_215728_701073.jpg,adv_20260605_215748_101872.jpg,31.14
clean_20260605_215728_701073.jpg,adv_20260605_215750_533919.jpg,30.83
clean_20260605_215728_701073.jpg,adv_20260605_215752_721990.jpg,45.05
clean_20260605_215728_701073.jpg,adv_20260605_215755_307287.jpg,44.83
clean_20260605_215728_701073.jpg,adv_20260605_215757_810874.jpg,45.65
clean_20260605_215728_701073.jpg,adv_20260605_215800_592501.jpg,46.13
clean_20260605_215728_701073.jpg,adv_20260605_215803_081455.jpg,46.15
clean_20260605_215728_701073.jpg,adv_20260605_215805_938313.jpg,46.23
clean_20260605_215728_701073.jpg,adv_20260605_215808_796071.jpg,46.5
clean_20260605_215728_701073.jpg,adv_20260605_215812_986796.jpg,46.39
clean_20260605_215728_701073.jpg,adv_20260605_215818_237625.jpg,47.08
clean_20260605_215728_701073.jpg,adv_20260605_215823_308924.jpg,46.59
clean_20260605_215728_701073.jpg,adv_20260605_215829_145319.jpg,45.58
clean_20260605_215728_701073.jpg,adv_20260605_215834_137085.jpg,44.57
clean_20260605_215728_701073.jpg,adv_20260605_215838_559498.jpg,45.05
clean_20260605_215728_701073.jpg,adv_20260605_215843_958127.jpg,45.03
clean_20260605_215728_701073.jpg,adv_20260605_215848_819475.jpg,45.06
clean_20260605_215728_701073.jpg,adv_20260605_215852_690638.jpg,45.65
clean_20260605_215728_701073.jpg,adv_20260605_215857_082744.jpg,45.89
clean_20260605_215728_701073.jpg,adv_20260605_215900_620554.jpg,45.95
clean_20260605_215728_701073.jpg,adv_20260605_215903_720048.jpg,45.96
clean_20260605_215728_701073.jpg,adv_20260605_215909_062375.jpg,45.9
clean_20260605_215728_701073.jpg,adv_20260605_215916_342726.jpg,45.93
clean_20260605_215728_701073.jpg,adv_20260605_215920_532905.jpg,45.62
clean_20260605_215728_701073.jpg,adv_20260605_215924_597056.jpg,45.66
clean_20260605_215728_701073.jpg,adv_20260605_215932_155746.jpg,45.55
clean_20260605_215728_701073.jpg,adv_20260605_215936_620273.jpg,45.94
clean_20260605_215728_701073.jpg,adv_20260605_215939_969450.jpg,45.89
clean_20260605_215728_701073.jpg,adv_20260605_215945_620841.jpg,45.86
clean_20260605_215728_701073.jpg,adv_20260605_215949_643689.jpg,45.54
clean_20260605_215728_701073.jpg,adv_20260605_215955_329492.jpg,44.72
clean_20260605_215728_701073.jpg,adv_20260605_220000_522410.jpg,46.22
clean_20260605_215728_701073.jpg,adv_20260605_220003_401347.jpg,44.61
clean_20260605_215728_701073.jpg,adv_20260605_220008_438069.jpg,44.67
clean_20260605_215728_701073.jpg,adv_20260605_220015_985705.jpg,44.52
clean_20260605_215728_892555.jpg,adv_20260601_200722_033489.jpg,36.2
clean_20260605_215728_892555.jpg,adv_20260601_200726_985328.jpg,24.05
clean_20260605_215728_892555.jpg,adv_20260601_200732_790092.jpg,67.12
clean_20260605_215728_892555.jpg,adv_20260601_200735_190392.jpg,58.1
clean_20260605_215728_892555.jpg,adv_20260601_200737_438642.jpg,34.7
clean_20260605_215728_892555.jpg,adv_20260601_200740_257993.jpg,34.2
clean_20260605_215728_892555.jpg,adv_20260601_200742_857943.jpg,54.78
clean_20260605_215728_892555.jpg,adv_20260601_200745_536431.jpg,51.83
clean_20260605_215728_892555.jpg,adv_20260601_200748_060134.jpg,48.12
clean_20260605_215728_892555.jpg,adv_20260601_200750_768035.jpg,57.57
clean_20260605_215728_892555.jpg,adv_20260601_200753_275939.jpg,57.75
clean_20260605_215728_892555.jpg,adv_20260601_200755_934735.jpg,58.97
clean_20260605_215728_892555.jpg,adv_20260601_200758_560376.jpg,59.47
clean_20260605_215728_892555.jpg,adv_20260601_200801_309674.jpg,59.71
clean_20260605_215728_892555.jpg,adv_20260601_200804_016125.jpg,59.9
clean_20260605_215728_892555.jpg,adv_20260601_200806_798043.jpg,59.79
clean_20260605_215728_892555.jpg,adv_20260601_200809_331978.jpg,58.85
clean_20260605_215728_892555.jpg,adv_20260601_200811_983553.jpg,55.6
clean_20260605_215728_892555.jpg,adv_20260601_200814_628342.jpg,55.91
clean_20260605_215728_892555.jpg,adv_20260605_215748_101872.jpg,31.19
clean_20260605_215728_892555.jpg,adv_20260605_215750_533919.jpg,30.89
clean_20260605_215728_892555.jpg,adv_20260605_215752_721990.jpg,45.08
clean_20260605_215728_892555.jpg,adv_20260605_215755_307287.jpg,44.85
clean_20260605_215728_892555.jpg,adv_20260605_215757_810874.jpg,45.68
clean_20260605_215728_892555.jpg,adv_20260605_215800_592501.jpg,46.15
clean_20260605_215728_892555.jpg,adv_20260605_215803_081455.jpg,46.17
clean_20260605_215728_892555.jpg,adv_20260605_215805_938313.jpg,46.26
clean_20260605_215728_892555.jpg,adv_20260605_215808_796071.jpg,46.52
clean_20260605_215728_892555.jpg,adv_20260605_215812_986796.jpg,46.41
clean_20260605_215728_892555.jpg,adv_20260605_215818_237625.jpg,47.09
clean_20260605_215728_892555.jpg,adv_20260605_215823_308924.jpg,46.61
clean_20260605_215728_892555.jpg,adv_20260605_215829_145319.jpg,45.59
clean_20260605_215728_892555.jpg,adv_20260605_215834_137085.jpg,44.6
clean_20260605_215728_892555.jpg,adv_20260605_215838_559498.jpg,45.04
clean_20260605_215728_892555.jpg,adv_20260605_215843_958127.jpg,45.05
clean_20260605_215728_892555.jpg,adv_20260605_215848_819475.jpg,45.07
clean_20260605_215728_892555.jpg,adv_20260605_215852_690638.jpg,45.65
clean_20260605_215728_892555.jpg,adv_20260605_215857_082744.jpg,45.89
clean_20260605_215728_892555.jpg,adv_20260605_215900_620554.jpg,45.95
clean_20260605_215728_892555.jpg,adv_20260605_215903_720048.jpg,45.95
clean_20260605_215728_892555.jpg,adv_20260605_215909_062375.jpg,45.9
clean_20260605_215728_892555.jpg,adv_20260605_215916_342726.jpg,45.93
clean_20260605_215728_892555.jpg,adv_20260605_215920_532905.jpg,45.62
clean_20260605_215728_892555.jpg,adv_20260605_215924_597056.jpg,45.66
clean_20260605_215728_892555.jpg,adv_20260605_215932_155746.jpg,45.56
clean_20260605_215728_892555.jpg,adv_20260605_215936_620273.jpg,45.94
clean_20260605_215728_892555.jpg,adv_20260605_215939_969450.jpg,45.9
clean_20260605_215728_892555.jpg,adv_20260605_215945_620841.jpg,45.88
clean_20260605_215728_892555.jpg,adv_20260605_215949_643689.jpg,45.56
clean_20260605_215728_892555.jpg,adv_20260605_215955_329492.jpg,44.74
clean_20260605_215728_892555.jpg,adv_20260605_220000_522410.jpg,46.17
clean_20260605_215728_892555.jpg,adv_20260605_220003_401347.jpg,44.61
clean_20260605_215728_892555.jpg,adv_20260605_220008_438069.jpg,44.66
clean_20260605_215728_892555.jpg,adv_20260605_220015_985705.jpg,44.51
clean_20260605_215729_100651.jpg,adv_20260601_200722_033489.jpg,36.26
clean_20260605_215729_100651.jpg,adv_20260601_200726_985328.jpg,24.01
clean_20260605_215729_100651.jpg,adv_20260601_200732_790092.jpg,67.1
clean_20260605_215729_100651.jpg,adv_20260601_200735_190392.jpg,58.09
clean_20260605_215729_100651.jpg,adv_20260601_200737_438642.jpg,34.7
clean_20260605_215729_100651.jpg,adv_20260601_200740_257993.jpg,34.2
clean_20260605_215729_100651.jpg,adv_20260601_200742_857943.jpg,54.76
clean_20260605_215729_100651.jpg,adv_20260601_200745_536431.jpg,51.8
clean_20260605_215729_100651.jpg,adv_20260601_200748_060134.jpg,48.13
clean_20260605_215729_100651.jpg,adv_20260601_200750_768035.jpg,57.55
clean_20260605_215729_100651.jpg,adv_20260601_200753_275939.jpg,57.74
clean_20260605_215729_100651.jpg,adv_20260601_200755_934735.jpg,58.98
clean_20260605_215729_100651.jpg,adv_20260601_200758_560376.jpg,59.46
clean_20260605_215729_100651.jpg,adv_20260601_200801_309674.jpg,59.7
clean_20260605_215729_100651.jpg,adv_20260601_200804_016125.jpg,59.89
clean_20260605_215729_100651.jpg,adv_20260601_200806_798043.jpg,59.79
clean_20260605_215729_100651.jpg,adv_20260601_200809_331978.jpg,58.84
clean_20260605_215729_100651.jpg,adv_20260601_200811_983553.jpg,55.59
clean_20260605_215729_100651.jpg,adv_20260601_200814_628342.jpg,55.89
clean_20260605_215729_100651.jpg,adv_20260605_215748_101872.jpg,31.23
clean_20260605_215729_100651.jpg,adv_20260605_215750_533919.jpg,30.93
clean_20260605_215729_100651.jpg,adv_20260605_215752_721990.jpg,45.07
clean_20260605_215729_100651.jpg,adv_20260605_215755_307287.jpg,44.84
clean_20260605_215729_100651.jpg,adv_20260605_215757_810874.jpg,45.67
clean_20260605_215729_100651.jpg,adv_20260605_215800_592501.jpg,46.13
clean_20260605_215729_100651.jpg,adv_20260605_215803_081455.jpg,46.15
clean_20260605_215729_100651.jpg,adv_20260605_215805_938313.jpg,46.24
clean_20260605_215729_100651.jpg,adv_20260605_215808_796071.jpg,46.51
clean_20260605_215729_100651.jpg,adv_20260605_215812_986796.jpg,46.4
clean_20260605_215729_100651.jpg,adv_20260605_215818_237625.jpg,47.07
clean_20260605_215729_100651.jpg,adv_20260605_215823_308924.jpg,46.6
clean_20260605_215729_100651.jpg,adv_20260605_215829_145319.jpg,45.58
clean_20260605_215729_100651.jpg,adv_20260605_215834_137085.jpg,44.59
clean_20260605_215729_100651.jpg,adv_20260605_215838_559498.jpg,45.04
clean_20260605_215729_100651.jpg,adv_20260605_215843_958127.jpg,45.03
clean_20260605_215729_100651.jpg,adv_20260605_215848_819475.jpg,45.06
clean_20260605_215729_100651.jpg,adv_20260605_215852_690638.jpg,45.64
clean_20260605_215729_100651.jpg,adv_20260605_215857_082744.jpg,45.87
clean_20260605_215729_100651.jpg,adv_20260605_215900_620554.jpg,45.92
clean_20260605_215729_100651.jpg,adv_20260605_215903_720048.jpg,45.93
clean_20260605_215729_100651.jpg,adv_20260605_215909_062375.jpg,45.88
clean_20260605_215729_100651.jpg,adv_20260605_215916_342726.jpg,45.92
clean_20260605_215729_100651.jpg,adv_20260605_215920_532905.jpg,45.6
clean_20260605_215729_100651.jpg,adv_20260605_215924_597056.jpg,45.64
clean_20260605_215729_100651.jpg,adv_20260605_215932_155746.jpg,45.54
clean_20260605_215729_100651.jpg,adv_20260605_215936_620273.jpg,45.92
clean_20260605_215729_100651.jpg,adv_20260605_215939_969450.jpg,45.87
clean_20260605_215729_100651.jpg,adv_20260605_215945_620841.jpg,45.86
clean_20260605_215729_100651.jpg,adv_20260605_215949_643689.jpg,45.54
clean_20260605_215729_100651.jpg,adv_20260605_215955_329492.jpg,44.71
clean_20260605_215729_100651.jpg,adv_20260605_220000_522410.jpg,46.17
clean_20260605_215729_100651.jpg,adv_20260605_220003_401347.jpg,44.62
clean_20260605_215729_100651.jpg,adv_20260605_220008_438069.jpg,44.65
clean_20260605_215729_100651.jpg,adv_20260605_220015_985705.jpg,44.51
clean_20260605_215729_290115.jpg,adv_20260601_200722_033489.jpg,36.25
clean_20260605_215729_290115.jpg,adv_20260601_200726_985328.jpg,24.0
clean_20260605_215729_290115.jpg,adv_20260601_200732_790092.jpg,67.09
clean_20260605_215729_290115.jpg,adv_20260601_200735_190392.jpg,58.07
clean_20260605_215729_290115.jpg,adv_20260601_200737_438642.jpg,34.69
clean_20260605_215729_290115.jpg,adv_20260601_200740_257993.jpg,34.18
clean_20260605_215729_290115.jpg,adv_20260601_200742_857943.jpg,54.74
clean_20260605_215729_290115.jpg,adv_20260601_200745_536431.jpg,51.79
clean_20260605_215729_290115.jpg,adv_20260601_200748_060134.jpg,48.11
clean_20260605_215729_290115.jpg,adv_20260601_200750_768035.jpg,57.54
clean_20260605_215729_290115.jpg,adv_20260601_200753_275939.jpg,57.72
clean_20260605_215729_290115.jpg,adv_20260601_200755_934735.jpg,58.97
clean_20260605_215729_290115.jpg,adv_20260601_200758_560376.jpg,59.45
clean_20260605_215729_290115.jpg,adv_20260601_200801_309674.jpg,59.69
clean_20260605_215729_290115.jpg,adv_20260601_200804_016125.jpg,59.88
clean_20260605_215729_290115.jpg,adv_20260601_200806_798043.jpg,59.77
clean_20260605_215729_290115.jpg,adv_20260601_200809_331978.jpg,58.83
clean_20260605_215729_290115.jpg,adv_20260601_200811_983553.jpg,55.58
clean_20260605_215729_290115.jpg,adv_20260601_200814_628342.jpg,55.88
clean_20260605_215729_290115.jpg,adv_20260605_215748_101872.jpg,31.21
clean_20260605_215729_290115.jpg,adv_20260605_215750_533919.jpg,30.92
clean_20260605_215729_290115.jpg,adv_20260605_215752_721990.jpg,45.06
clean_20260605_215729_290115.jpg,adv_20260605_215755_307287.jpg,44.83
clean_20260605_215729_290115.jpg,adv_20260605_215757_810874.jpg,45.67
clean_20260605_215729_290115.jpg,adv_20260605_215800_592501.jpg,46.14
clean_20260605_215729_290115.jpg,adv_20260605_215803_081455.jpg,46.16
clean_20260605_215729_290115.jpg,adv_20260605_215805_938313.jpg,46.25
clean_20260605_215729_290115.jpg,adv_20260605_215808_796071.jpg,46.52
clean_20260605_215729_290115.jpg,adv_20260605_215812_986796.jpg,46.41
clean_20260605_215729_290115.jpg,adv_20260605_215818_237625.jpg,47.05
clean_20260605_215729_290115.jpg,adv_20260605_215823_308924.jpg,46.58
clean_20260605_215729_290115.jpg,adv_20260605_215829_145319.jpg,45.57
clean_20260605_215729_290115.jpg,adv_20260605_215834_137085.jpg,44.58
clean_20260605_215729_290115.jpg,adv_20260605_215838_559498.jpg,45.03
clean_20260605_215729_290115.jpg,adv_20260605_215843_958127.jpg,45.02
clean_20260605_215729_290115.jpg,adv_20260605_215848_819475.jpg,45.04
clean_20260605_215729_290115.jpg,adv_20260605_215852_690638.jpg,45.64
clean_20260605_215729_290115.jpg,adv_20260605_215857_082744.jpg,45.87
clean_20260605_215729_290115.jpg,adv_20260605_215900_620554.jpg,45.92
clean_20260605_215729_290115.jpg,adv_20260605_215903_720048.jpg,45.91
clean_20260605_215729_290115.jpg,adv_20260605_215909_062375.jpg,45.86
clean_20260605_215729_290115.jpg,adv_20260605_215916_342726.jpg,45.91
clean_20260605_215729_290115.jpg,adv_20260605_215920_532905.jpg,45.59
clean_20260605_215729_290115.jpg,adv_20260605_215924_597056.jpg,45.63
clean_20260605_215729_290115.jpg,adv_20260605_215932_155746.jpg,45.53
clean_20260605_215729_290115.jpg,adv_20260605_215936_620273.jpg,45.92
clean_20260605_215729_290115.jpg,adv_20260605_215939_969450.jpg,45.86
clean_20260605_215729_290115.jpg,adv_20260605_215945_620841.jpg,45.85
clean_20260605_215729_290115.jpg,adv_20260605_215949_643689.jpg,45.53
clean_20260605_215729_290115.jpg,adv_20260605_215955_329492.jpg,44.7
clean_20260605_215729_290115.jpg,adv_20260605_220000_522410.jpg,46.17
clean_20260605_215729_290115.jpg,adv_20260605_220003_401347.jpg,44.61
clean_20260605_215729_290115.jpg,adv_20260605_220008_438069.jpg,44.65
clean_20260605_215729_290115.jpg,adv_20260605_220015_985705.jpg,44.51
clean_20260605_215729_501205.jpg,adv_20260601_200722_033489.jpg,36.25
clean_20260605_215729_501205.jpg,adv_20260601_200726_985328.jpg,24.01
clean_20260605_215729_501205.jpg,adv_20260601_200732_790092.jpg,67.12
clean_20260605_215729_501205.jpg,adv_20260601_200735_190392.jpg,58.1
clean_20260605_215729_501205.jpg,adv_20260601_200737_438642.jpg,34.63
clean_20260605_215729_501205.jpg,adv_20260601_200740_257993.jpg,34.13
clean_20260605_215729_501205.jpg,adv_20260601_200742_857943.jpg,54.78
clean_20260605_215729_501205.jpg,adv_20260601_200745_536431.jpg,51.82
clean_20260605_215729_501205.jpg,adv_20260601_200748_060134.jpg,48.14
clean_20260605_215729_501205.jpg,adv_20260601_200750_768035.jpg,57.57
clean_20260605_215729_501205.jpg,adv_20260601_200753_275939.jpg,57.74
clean_20260605_215729_501205.jpg,adv_20260601_200755_934735.jpg,59.0
clean_20260605_215729_501205.jpg,adv_20260601_200758_560376.jpg,59.46
clean_20260605_215729_501205.jpg,adv_20260601_200801_309674.jpg,59.71
clean_20260605_215729_501205.jpg,adv_20260601_200804_016125.jpg,59.9
clean_20260605_215729_501205.jpg,adv_20260601_200806_798043.jpg,59.79
clean_20260605_215729_501205.jpg,adv_20260601_200809_331978.jpg,58.85
clean_20260605_215729_501205.jpg,adv_20260601_200811_983553.jpg,55.6
clean_20260605_215729_501205.jpg,adv_20260601_200814_628342.jpg,55.91
clean_20260605_215729_501205.jpg,adv_20260605_215748_101872.jpg,31.21
clean_20260605_215729_501205.jpg,adv_20260605_215750_533919.jpg,30.9
clean_20260605_215729_501205.jpg,adv_20260605_215752_721990.jpg,45.06
clean_20260605_215729_501205.jpg,adv_20260605_215755_307287.jpg,44.83
clean_20260605_215729_501205.jpg,adv_20260605_215757_810874.jpg,45.67
clean_20260605_215729_501205.jpg,adv_20260605_215800_592501.jpg,46.14
clean_20260605_215729_501205.jpg,adv_20260605_215803_081455.jpg,46.16
clean_20260605_215729_501205.jpg,adv_20260605_215805_938313.jpg,46.25
clean_20260605_215729_501205.jpg,adv_20260605_215808_796071.jpg,46.52
clean_20260605_215729_501205.jpg,adv_20260605_215812_986796.jpg,46.41
clean_20260605_215729_501205.jpg,adv_20260605_215818_237625.jpg,47.06
clean_20260605_215729_501205.jpg,adv_20260605_215823_308924.jpg,46.59
clean_20260605_215729_501205.jpg,adv_20260605_215829_145319.jpg,45.58
clean_20260605_215729_501205.jpg,adv_20260605_215834_137085.jpg,44.58
clean_20260605_215729_501205.jpg,adv_20260605_215838_559498.jpg,45.04
clean_20260605_215729_501205.jpg,adv_20260605_215843_958127.jpg,45.03
clean_20260605_215729_501205.jpg,adv_20260605_215848_819475.jpg,45.05
clean_20260605_215729_501205.jpg,adv_20260605_215852_690638.jpg,45.65
clean_20260605_215729_501205.jpg,adv_20260605_215857_082744.jpg,45.88
clean_20260605_215729_501205.jpg,adv_20260605_215900_620554.jpg,45.93
clean_20260605_215729_501205.jpg,adv_20260605_215903_720048.jpg,45.93
clean_20260605_215729_501205.jpg,adv_20260605_215909_062375.jpg,45.87
clean_20260605_215729_501205.jpg,adv_20260605_215916_342726.jpg,45.92
clean_20260605_215729_501205.jpg,adv_20260605_215920_532905.jpg,45.59
clean_20260605_215729_501205.jpg,adv_20260605_215924_597056.jpg,45.63
clean_20260605_215729_501205.jpg,adv_20260605_215932_155746.jpg,45.53
clean_20260605_215729_501205.jpg,adv_20260605_215936_620273.jpg,45.92
clean_20260605_215729_501205.jpg,adv_20260605_215939_969450.jpg,45.88
clean_20260605_215729_501205.jpg,adv_20260605_215945_620841.jpg,45.85
clean_20260605_215729_501205.jpg,adv_20260605_215949_643689.jpg,45.53
clean_20260605_215729_501205.jpg,adv_20260605_215955_329492.jpg,44.7
clean_20260605_215729_501205.jpg,adv_20260605_220000_522410.jpg,46.16
clean_20260605_215729_501205.jpg,adv_20260605_220003_401347.jpg,44.61
clean_20260605_215729_501205.jpg,adv_20260605_220008_438069.jpg,44.65
clean_20260605_215729_501205.jpg,adv_20260605_220015_985705.jpg,44.51
clean_20260605_215729_682609.jpg,adv_20260601_200722_033489.jpg,36.25
clean_20260605_215729_682609.jpg,adv_20260601_200726_985328.jpg,24.01
clean_20260605_215729_682609.jpg,adv_20260601_200732_790092.jpg,67.13
clean_20260605_215729_682609.jpg,adv_20260601_200735_190392.jpg,58.12
clean_20260605_215729_682609.jpg,adv_20260601_200737_438642.jpg,34.65
clean_20260605_215729_682609.jpg,adv_20260601_200740_257993.jpg,34.15
clean_20260605_215729_682609.jpg,adv_20260601_200742_857943.jpg,54.79
clean_20260605_215729_682609.jpg,adv_20260601_200745_536431.jpg,51.83
clean_20260605_215729_682609.jpg,adv_20260601_200748_060134.jpg,48.14
clean_20260605_215729_682609.jpg,adv_20260601_200750_768035.jpg,57.58
clean_20260605_215729_682609.jpg,adv_20260601_200753_275939.jpg,57.75
clean_20260605_215729_682609.jpg,adv_20260601_200755_934735.jpg,59.0
clean_20260605_215729_682609.jpg,adv_20260601_200758_560376.jpg,59.48
clean_20260605_215729_682609.jpg,adv_20260601_200801_309674.jpg,59.72
clean_20260605_215729_682609.jpg,adv_20260601_200804_016125.jpg,59.92
clean_20260605_215729_682609.jpg,adv_20260601_200806_798043.jpg,59.8
clean_20260605_215729_682609.jpg,adv_20260601_200809_331978.jpg,58.87
clean_20260605_215729_682609.jpg,adv_20260601_200811_983553.jpg,55.62
clean_20260605_215729_682609.jpg,adv_20260601_200814_628342.jpg,55.93
clean_20260605_215729_682609.jpg,adv_20260605_215748_101872.jpg,31.2
clean_20260605_215729_682609.jpg,adv_20260605_215750_533919.jpg,30.9
clean_20260605_215729_682609.jpg,adv_20260605_215752_721990.jpg,45.08
clean_20260605_215729_682609.jpg,adv_20260605_215755_307287.jpg,44.84
clean_20260605_215729_682609.jpg,adv_20260605_215757_810874.jpg,45.67
clean_20260605_215729_682609.jpg,adv_20260605_215800_592501.jpg,46.15
clean_20260605_215729_682609.jpg,adv_20260605_215803_081455.jpg,46.16
clean_20260605_215729_682609.jpg,adv_20260605_215805_938313.jpg,46.25
clean_20260605_215729_682609.jpg,adv_20260605_215808_796071.jpg,46.52
clean_20260605_215729_682609.jpg,adv_20260605_215812_986796.jpg,46.41
clean_20260605_215729_682609.jpg,adv_20260605_215818_237625.jpg,47.08
clean_20260605_215729_682609.jpg,adv_20260605_215823_308924.jpg,46.61
clean_20260605_215729_682609.jpg,adv_20260605_215829_145319.jpg,45.6
clean_20260605_215729_682609.jpg,adv_20260605_215834_137085.jpg,44.6
clean_20260605_215729_682609.jpg,adv_20260605_215838_559498.jpg,45.04
clean_20260605_215729_682609.jpg,adv_20260605_215843_958127.jpg,45.04
clean_20260605_215729_682609.jpg,adv_20260605_215848_819475.jpg,45.06
clean_20260605_215729_682609.jpg,adv_20260605_215852_690638.jpg,45.66
clean_20260605_215729_682609.jpg,adv_20260605_215857_082744.jpg,45.89
clean_20260605_215729_682609.jpg,adv_20260605_215900_620554.jpg,45.94
clean_20260605_215729_682609.jpg,adv_20260605_215903_720048.jpg,45.95
clean_20260605_215729_682609.jpg,adv_20260605_215909_062375.jpg,45.9
clean_20260605_215729_682609.jpg,adv_20260605_215916_342726.jpg,45.94
clean_20260605_215729_682609.jpg,adv_20260605_215920_532905.jpg,45.61
clean_20260605_215729_682609.jpg,adv_20260605_215924_597056.jpg,45.65
clean_20260605_215729_682609.jpg,adv_20260605_215932_155746.jpg,45.55
clean_20260605_215729_682609.jpg,adv_20260605_215936_620273.jpg,45.93
clean_20260605_215729_682609.jpg,adv_20260605_215939_969450.jpg,45.89
clean_20260605_215729_682609.jpg,adv_20260605_215945_620841.jpg,45.87
clean_20260605_215729_682609.jpg,adv_20260605_215949_643689.jpg,45.55
clean_20260605_215729_682609.jpg,adv_20260605_215955_329492.jpg,44.73
clean_20260605_215729_682609.jpg,adv_20260605_220000_522410.jpg,46.16
clean_20260605_215729_682609.jpg,adv_20260605_220003_401347.jpg,44.62
clean_20260605_215729_682609.jpg,adv_20260605_220008_438069.jpg,44.66
clean_20260605_215729_682609.jpg,adv_20260605_220015_985705.jpg,44.52
clean_20260605_215729_888197.jpg,adv_20260601_200722_033489.jpg,36.26
clean_20260605_215729_888197.jpg,adv_20260601_200726_985328.jpg,23.99
clean_20260605_215729_888197.jpg,adv_20260601_200732_790092.jpg,67.12
clean_20260605_215729_888197.jpg,adv_20260601_200735_190392.jpg,58.11
clean_20260605_215729_888197.jpg,adv_20260601_200737_438642.jpg,34.62
clean_20260605_215729_888197.jpg,adv_20260601_200740_257993.jpg,34.13
clean_20260605_215729_888197.jpg,adv_20260601_200742_857943.jpg,54.78
clean_20260605_215729_888197.jpg,adv_20260601_200745_536431.jpg,51.81
clean_20260605_215729_888197.jpg,adv_20260601_200748_060134.jpg,48.13
clean_20260605_215729_888197.jpg,adv_20260601_200750_768035.jpg,57.57
clean_20260605_215729_888197.jpg,adv_20260601_200753_275939.jpg,57.73
clean_20260605_215729_888197.jpg,adv_20260601_200755_934735.jpg,58.99
clean_20260605_215729_888197.jpg,adv_20260601_200758_560376.jpg,59.48
clean_20260605_215729_888197.jpg,adv_20260601_200801_309674.jpg,59.73
clean_20260605_215729_888197.jpg,adv_20260601_200804_016125.jpg,59.92
clean_20260605_215729_888197.jpg,adv_20260601_200806_798043.jpg,59.8
clean_20260605_215729_888197.jpg,adv_20260601_200809_331978.jpg,58.88
clean_20260605_215729_888197.jpg,adv_20260601_200811_983553.jpg,55.62
clean_20260605_215729_888197.jpg,adv_20260601_200814_628342.jpg,55.93
clean_20260605_215729_888197.jpg,adv_20260605_215748_101872.jpg,31.2
clean_20260605_215729_888197.jpg,adv_20260605_215750_533919.jpg,30.9
clean_20260605_215729_888197.jpg,adv_20260605_215752_721990.jpg,45.06
clean_20260605_215729_888197.jpg,adv_20260605_215755_307287.jpg,44.82
clean_20260605_215729_888197.jpg,adv_20260605_215757_810874.jpg,45.66
clean_20260605_215729_888197.jpg,adv_20260605_215800_592501.jpg,46.13
clean_20260605_215729_888197.jpg,adv_20260605_215803_081455.jpg,46.15
clean_20260605_215729_888197.jpg,adv_20260605_215805_938313.jpg,46.24
clean_20260605_215729_888197.jpg,adv_20260605_215808_796071.jpg,46.51
clean_20260605_215729_888197.jpg,adv_20260605_215812_986796.jpg,46.4
clean_20260605_215729_888197.jpg,adv_20260605_215818_237625.jpg,47.07
clean_20260605_215729_888197.jpg,adv_20260605_215823_308924.jpg,46.6
clean_20260605_215729_888197.jpg,adv_20260605_215829_145319.jpg,45.59
clean_20260605_215729_888197.jpg,adv_20260605_215834_137085.jpg,44.59
clean_20260605_215729_888197.jpg,adv_20260605_215838_559498.jpg,45.04
clean_20260605_215729_888197.jpg,adv_20260605_215843_958127.jpg,45.03
clean_20260605_215729_888197.jpg,adv_20260605_215848_819475.jpg,45.05
clean_20260605_215729_888197.jpg,adv_20260605_215852_690638.jpg,45.65
clean_20260605_215729_888197.jpg,adv_20260605_215857_082744.jpg,45.88
clean_20260605_215729_888197.jpg,adv_20260605_215900_620554.jpg,45.92
clean_20260605_215729_888197.jpg,adv_20260605_215903_720048.jpg,45.93
clean_20260605_215729_888197.jpg,adv_20260605_215909_062375.jpg,45.88
clean_20260605_215729_888197.jpg,adv_20260605_215916_342726.jpg,45.93
clean_20260605_215729_888197.jpg,adv_20260605_215920_532905.jpg,45.6
clean_20260605_215729_888197.jpg,adv_20260605_215924_597056.jpg,45.63
clean_20260605_215729_888197.jpg,adv_20260605_215932_155746.jpg,45.53
clean_20260605_215729_888197.jpg,adv_20260605_215936_620273.jpg,45.91
clean_20260605_215729_888197.jpg,adv_20260605_215939_969450.jpg,45.88
clean_20260605_215729_888197.jpg,adv_20260605_215945_620841.jpg,45.84
clean_20260605_215729_888197.jpg,adv_20260605_215949_643689.jpg,45.53
clean_20260605_215729_888197.jpg,adv_20260605_215955_329492.jpg,44.72
clean_20260605_215729_888197.jpg,adv_20260605_220000_522410.jpg,46.18
clean_20260605_215729_888197.jpg,adv_20260605_220003_401347.jpg,44.6
clean_20260605_215729_888197.jpg,adv_20260605_220008_438069.jpg,44.64
clean_20260605_215729_888197.jpg,adv_20260605_220015_985705.jpg,44.5
clean_20260605_215730_079525.jpg,adv_20260601_200722_033489.jpg,36.24
clean_20260605_215730_079525.jpg,adv_20260601_200726_985328.jpg,23.92
clean_20260605_215730_079525.jpg,adv_20260601_200732_790092.jpg,67.1
clean_20260605_215730_079525.jpg,adv_20260601_200735_190392.jpg,58.09
clean_20260605_215730_079525.jpg,adv_20260601_200737_438642.jpg,34.59
clean_20260605_215730_079525.jpg,adv_20260601_200740_257993.jpg,34.11
clean_20260605_215730_079525.jpg,adv_20260601_200742_857943.jpg,54.79
clean_20260605_215730_079525.jpg,adv_20260601_200745_536431.jpg,51.82
clean_20260605_215730_079525.jpg,adv_20260601_200748_060134.jpg,48.15
clean_20260605_215730_079525.jpg,adv_20260601_200750_768035.jpg,57.56
clean_20260605_215730_079525.jpg,adv_20260601_200753_275939.jpg,57.72
clean_20260605_215730_079525.jpg,adv_20260601_200755_934735.jpg,59.01
clean_20260605_215730_079525.jpg,adv_20260601_200758_560376.jpg,59.46
clean_20260605_215730_079525.jpg,adv_20260601_200801_309674.jpg,59.71
clean_20260605_215730_079525.jpg,adv_20260601_200804_016125.jpg,59.9
clean_20260605_215730_079525.jpg,adv_20260601_200806_798043.jpg,59.78
clean_20260605_215730_079525.jpg,adv_20260601_200809_331978.jpg,58.87
clean_20260605_215730_079525.jpg,adv_20260601_200811_983553.jpg,55.62
clean_20260605_215730_079525.jpg,adv_20260601_200814_628342.jpg,55.91
clean_20260605_215730_079525.jpg,adv_20260605_215748_101872.jpg,31.17
clean_20260605_215730_079525.jpg,adv_20260605_215750_533919.jpg,30.87
clean_20260605_215730_079525.jpg,adv_20260605_215752_721990.jpg,45.06
clean_20260605_215730_079525.jpg,adv_20260605_215755_307287.jpg,44.82
clean_20260605_215730_079525.jpg,adv_20260605_215757_810874.jpg,45.66
clean_20260605_215730_079525.jpg,adv_20260605_215800_592501.jpg,46.13
clean_20260605_215730_079525.jpg,adv_20260605_215803_081455.jpg,46.14
clean_20260605_215730_079525.jpg,adv_20260605_215805_938313.jpg,46.23
clean_20260605_215730_079525.jpg,adv_20260605_215808_796071.jpg,46.5
clean_20260605_215730_079525.jpg,adv_20260605_215812_986796.jpg,46.39
clean_20260605_215730_079525.jpg,adv_20260605_215818_237625.jpg,47.07
clean_20260605_215730_079525.jpg,adv_20260605_215823_308924.jpg,46.6
clean_20260605_215730_079525.jpg,adv_20260605_215829_145319.jpg,45.6
clean_20260605_215730_079525.jpg,adv_20260605_215834_137085.jpg,44.61
clean_20260605_215730_079525.jpg,adv_20260605_215838_559498.jpg,45.05
clean_20260605_215730_079525.jpg,adv_20260605_215843_958127.jpg,45.04
clean_20260605_215730_079525.jpg,adv_20260605_215848_819475.jpg,45.07
clean_20260605_215730_079525.jpg,adv_20260605_215852_690638.jpg,45.66
clean_20260605_215730_079525.jpg,adv_20260605_215857_082744.jpg,45.9
clean_20260605_215730_079525.jpg,adv_20260605_215900_620554.jpg,45.95
clean_20260605_215730_079525.jpg,adv_20260605_215903_720048.jpg,45.95
clean_20260605_215730_079525.jpg,adv_20260605_215909_062375.jpg,45.9
clean_20260605_215730_079525.jpg,adv_20260605_215916_342726.jpg,45.94
clean_20260605_215730_079525.jpg,adv_20260605_215920_532905.jpg,45.62
clean_20260605_215730_079525.jpg,adv_20260605_215924_597056.jpg,45.64
clean_20260605_215730_079525.jpg,adv_20260605_215932_155746.jpg,45.54
clean_20260605_215730_079525.jpg,adv_20260605_215936_620273.jpg,45.94
clean_20260605_215730_079525.jpg,adv_20260605_215939_969450.jpg,45.89
clean_20260605_215730_079525.jpg,adv_20260605_215945_620841.jpg,45.87
clean_20260605_215730_079525.jpg,adv_20260605_215949_643689.jpg,45.54
clean_20260605_215730_079525.jpg,adv_20260605_215955_329492.jpg,44.73
clean_20260605_215730_079525.jpg,adv_20260605_220000_522410.jpg,46.22
clean_20260605_215730_079525.jpg,adv_20260605_220003_401347.jpg,44.61
clean_20260605_215730_079525.jpg,adv_20260605_220008_438069.jpg,44.65
clean_20260605_215730_079525.jpg,adv_20260605_220015_985705.jpg,44.5
clean_20260605_215730_287238.jpg,adv_20260601_200722_033489.jpg,36.27
clean_20260605_215730_287238.jpg,adv_20260601_200726_985328.jpg,23.86
clean_20260605_215730_287238.jpg,adv_20260601_200732_790092.jpg,67.03
clean_20260605_215730_287238.jpg,adv_20260601_200735_190392.jpg,58.01
clean_20260605_215730_287238.jpg,adv_20260601_200737_438642.jpg,34.52
clean_20260605_215730_287238.jpg,adv_20260601_200740_257993.jpg,34.05
clean_20260605_215730_287238.jpg,adv_20260601_200742_857943.jpg,54.72
clean_20260605_215730_287238.jpg,adv_20260601_200745_536431.jpg,51.74
clean_20260605_215730_287238.jpg,adv_20260601_200748_060134.jpg,48.09
clean_20260605_215730_287238.jpg,adv_20260601_200750_768035.jpg,57.48
clean_20260605_215730_287238.jpg,adv_20260601_200753_275939.jpg,57.63
clean_20260605_215730_287238.jpg,adv_20260601_200755_934735.jpg,58.95
clean_20260605_215730_287238.jpg,adv_20260601_200758_560376.jpg,59.39
clean_20260605_215730_287238.jpg,adv_20260601_200801_309674.jpg,59.64
clean_20260605_215730_287238.jpg,adv_20260601_200804_016125.jpg,59.83
clean_20260605_215730_287238.jpg,adv_20260601_200806_798043.jpg,59.71
clean_20260605_215730_287238.jpg,adv_20260601_200809_331978.jpg,58.8
clean_20260605_215730_287238.jpg,adv_20260601_200811_983553.jpg,55.55
clean_20260605_215730_287238.jpg,adv_20260601_200814_628342.jpg,55.84
clean_20260605_215730_287238.jpg,adv_20260605_215748_101872.jpg,31.16
clean_20260605_215730_287238.jpg,adv_20260605_215750_533919.jpg,30.86
clean_20260605_215730_287238.jpg,adv_20260605_215752_721990.jpg,45.02
clean_20260605_215730_287238.jpg,adv_20260605_215755_307287.jpg,44.78
clean_20260605_215730_287238.jpg,adv_20260605_215757_810874.jpg,45.62
clean_20260605_215730_287238.jpg,adv_20260605_215800_592501.jpg,46.09
clean_20260605_215730_287238.jpg,adv_20260605_215803_081455.jpg,46.11
clean_20260605_215730_287238.jpg,adv_20260605_215805_938313.jpg,46.2
clean_20260605_215730_287238.jpg,adv_20260605_215808_796071.jpg,46.48
clean_20260605_215730_287238.jpg,adv_20260605_215812_986796.jpg,46.35
clean_20260605_215730_287238.jpg,adv_20260605_215818_237625.jpg,47.04
clean_20260605_215730_287238.jpg,adv_20260605_215823_308924.jpg,46.55
clean_20260605_215730_287238.jpg,adv_20260605_215829_145319.jpg,45.56
clean_20260605_215730_287238.jpg,adv_20260605_215834_137085.jpg,44.57
clean_20260605_215730_287238.jpg,adv_20260605_215838_559498.jpg,45.02
clean_20260605_215730_287238.jpg,adv_20260605_215843_958127.jpg,45.01
clean_20260605_215730_287238.jpg,adv_20260605_215848_819475.jpg,45.04
clean_20260605_215730_287238.jpg,adv_20260605_215852_690638.jpg,45.63
clean_20260605_215730_287238.jpg,adv_20260605_215857_082744.jpg,45.87
clean_20260605_215730_287238.jpg,adv_20260605_215900_620554.jpg,45.91
clean_20260605_215730_287238.jpg,adv_20260605_215903_720048.jpg,45.92
clean_20260605_215730_287238.jpg,adv_20260605_215909_062375.jpg,45.87
clean_20260605_215730_287238.jpg,adv_20260605_215916_342726.jpg,45.92
clean_20260605_215730_287238.jpg,adv_20260605_215920_532905.jpg,45.59
clean_20260605_215730_287238.jpg,adv_20260605_215924_597056.jpg,45.6
clean_20260605_215730_287238.jpg,adv_20260605_215932_155746.jpg,45.5
clean_20260605_215730_287238.jpg,adv_20260605_215936_620273.jpg,45.9
clean_20260605_215730_287238.jpg,adv_20260605_215939_969450.jpg,45.85
clean_20260605_215730_287238.jpg,adv_20260605_215945_620841.jpg,45.83
clean_20260605_215730_287238.jpg,adv_20260605_215949_643689.jpg,45.5
clean_20260605_215730_287238.jpg,adv_20260605_215955_329492.jpg,44.69
clean_20260605_215730_287238.jpg,adv_20260605_220000_522410.jpg,46.23
clean_20260605_215730_287238.jpg,adv_20260605_220003_401347.jpg,44.57
clean_20260605_215730_287238.jpg,adv_20260605_220008_438069.jpg,44.63
clean_20260605_215730_287238.jpg,adv_20260605_220015_985705.jpg,44.46
clean_20260605_215730_480617.jpg,adv_20260601_200722_033489.jpg,36.37
clean_20260605_215730_480617.jpg,adv_20260601_200726_985328.jpg,23.78
clean_20260605_215730_480617.jpg,adv_20260601_200732_790092.jpg,66.91
clean_20260605_215730_480617.jpg,adv_20260601_200735_190392.jpg,57.91
clean_20260605_215730_480617.jpg,adv_20260601_200737_438642.jpg,34.4
clean_20260605_215730_480617.jpg,adv_20260601_200740_257993.jpg,33.93
clean_20260605_215730_480617.jpg,adv_20260601_200742_857943.jpg,54.64
clean_20260605_215730_480617.jpg,adv_20260601_200745_536431.jpg,51.62
clean_20260605_215730_480617.jpg,adv_20260601_200748_060134.jpg,47.99
clean_20260605_215730_480617.jpg,adv_20260601_200750_768035.jpg,57.36
clean_20260605_215730_480617.jpg,adv_20260601_200753_275939.jpg,57.52
clean_20260605_215730_480617.jpg,adv_20260601_200755_934735.jpg,58.87
clean_20260605_215730_480617.jpg,adv_20260601_200758_560376.jpg,59.27
clean_20260605_215730_480617.jpg,adv_20260601_200801_309674.jpg,59.52
clean_20260605_215730_480617.jpg,adv_20260601_200804_016125.jpg,59.72
clean_20260605_215730_480617.jpg,adv_20260601_200806_798043.jpg,59.6
clean_20260605_215730_480617.jpg,adv_20260601_200809_331978.jpg,58.69
clean_20260605_215730_480617.jpg,adv_20260601_200811_983553.jpg,55.45
clean_20260605_215730_480617.jpg,adv_20260601_200814_628342.jpg,55.77
clean_20260605_215730_480617.jpg,adv_20260605_215748_101872.jpg,31.16
clean_20260605_215730_480617.jpg,adv_20260605_215750_533919.jpg,30.86
clean_20260605_215730_480617.jpg,adv_20260605_215752_721990.jpg,44.9
clean_20260605_215730_480617.jpg,adv_20260605_215755_307287.jpg,44.66
clean_20260605_215730_480617.jpg,adv_20260605_215757_810874.jpg,45.54
clean_20260605_215730_480617.jpg,adv_20260605_215800_592501.jpg,46.01
clean_20260605_215730_480617.jpg,adv_20260605_215803_081455.jpg,46.03
clean_20260605_215730_480617.jpg,adv_20260605_215805_938313.jpg,46.11
clean_20260605_215730_480617.jpg,adv_20260605_215808_796071.jpg,46.39
clean_20260605_215730_480617.jpg,adv_20260605_215812_986796.jpg,46.27
clean_20260605_215730_480617.jpg,adv_20260605_215818_237625.jpg,46.93
clean_20260605_215730_480617.jpg,adv_20260605_215823_308924.jpg,46.44
clean_20260605_215730_480617.jpg,adv_20260605_215829_145319.jpg,45.46
clean_20260605_215730_480617.jpg,adv_20260605_215834_137085.jpg,44.46
clean_20260605_215730_480617.jpg,adv_20260605_215838_559498.jpg,44.91
clean_20260605_215730_480617.jpg,adv_20260605_215843_958127.jpg,44.9
clean_20260605_215730_480617.jpg,adv_20260605_215848_819475.jpg,44.93
clean_20260605_215730_480617.jpg,adv_20260605_215852_690638.jpg,45.52
clean_20260605_215730_480617.jpg,adv_20260605_215857_082744.jpg,45.76
clean_20260605_215730_480617.jpg,adv_20260605_215900_620554.jpg,45.8
clean_20260605_215730_480617.jpg,adv_20260605_215903_720048.jpg,45.81
clean_20260605_215730_480617.jpg,adv_20260605_215909_062375.jpg,45.75
clean_20260605_215730_480617.jpg,adv_20260605_215916_342726.jpg,45.79
clean_20260605_215730_480617.jpg,adv_20260605_215920_532905.jpg,45.46
clean_20260605_215730_480617.jpg,adv_20260605_215924_597056.jpg,45.48
clean_20260605_215730_480617.jpg,adv_20260605_215932_155746.jpg,45.38
clean_20260605_215730_480617.jpg,adv_20260605_215936_620273.jpg,45.77
clean_20260605_215730_480617.jpg,adv_20260605_215939_969450.jpg,45.74
clean_20260605_215730_480617.jpg,adv_20260605_215945_620841.jpg,45.71
clean_20260605_215730_480617.jpg,adv_20260605_215949_643689.jpg,45.39
clean_20260605_215730_480617.jpg,adv_20260605_215955_329492.jpg,44.57
clean_20260605_215730_480617.jpg,adv_20260605_220000_522410.jpg,46.22
clean_20260605_215730_480617.jpg,adv_20260605_220003_401347.jpg,44.48
clean_20260605_215730_480617.jpg,adv_20260605_220008_438069.jpg,44.53
clean_20260605_215730_480617.jpg,adv_20260605_220015_985705.jpg,44.35
clean_20260605_215730_687926.jpg,adv_20260601_200722_033489.jpg,37.6
clean_20260605_215730_687926.jpg,adv_20260601_200726_985328.jpg,23.63
clean_20260605_215730_687926.jpg,adv_20260601_200732_790092.jpg,65.19
clean_20260605_215730_687926.jpg,adv_20260601_200735_190392.jpg,56.4
clean_20260605_215730_687926.jpg,adv_20260601_200737_438642.jpg,34.05
clean_20260605_215730_687926.jpg,adv_20260601_200740_257993.jpg,33.55
clean_20260605_215730_687926.jpg,adv_20260601_200742_857943.jpg,53.11
clean_20260605_215730_687926.jpg,adv_20260601_200745_536431.jpg,50.02
clean_20260605_215730_687926.jpg,adv_20260601_200748_060134.jpg,46.61
clean_20260605_215730_687926.jpg,adv_20260601_200750_768035.jpg,55.89
clean_20260605_215730_687926.jpg,adv_20260601_200753_275939.jpg,56.05
clean_20260605_215730_687926.jpg,adv_20260601_200755_934735.jpg,57.56
clean_20260605_215730_687926.jpg,adv_20260601_200758_560376.jpg,57.64
clean_20260605_215730_687926.jpg,adv_20260601_200801_309674.jpg,57.89
clean_20260605_215730_687926.jpg,adv_20260601_200804_016125.jpg,58.08
clean_20260605_215730_687926.jpg,adv_20260601_200806_798043.jpg,57.99
clean_20260605_215730_687926.jpg,adv_20260601_200809_331978.jpg,57.07
clean_20260605_215730_687926.jpg,adv_20260601_200811_983553.jpg,53.84
clean_20260605_215730_687926.jpg,adv_20260601_200814_628342.jpg,54.36
clean_20260605_215730_687926.jpg,adv_20260605_215748_101872.jpg,31.26
clean_20260605_215730_687926.jpg,adv_20260605_215750_533919.jpg,30.93
clean_20260605_215730_687926.jpg,adv_20260605_215752_721990.jpg,43.62
clean_20260605_215730_687926.jpg,adv_20260605_215755_307287.jpg,43.4
clean_20260605_215730_687926.jpg,adv_20260605_215757_810874.jpg,44.73
clean_20260605_215730_687926.jpg,adv_20260605_215800_592501.jpg,45.2
clean_20260605_215730_687926.jpg,adv_20260605_215803_081455.jpg,45.23
clean_20260605_215730_687926.jpg,adv_20260605_215805_938313.jpg,45.31
clean_20260605_215730_687926.jpg,adv_20260605_215808_796071.jpg,45.59
clean_20260605_215730_687926.jpg,adv_20260605_215812_986796.jpg,45.47
clean_20260605_215730_687926.jpg,adv_20260605_215818_237625.jpg,45.74
clean_20260605_215730_687926.jpg,adv_20260605_215823_308924.jpg,45.25
clean_20260605_215730_687926.jpg,adv_20260605_215829_145319.jpg,44.35
clean_20260605_215730_687926.jpg,adv_20260605_215834_137085.jpg,43.32
clean_20260605_215730_687926.jpg,adv_20260605_215838_559498.jpg,43.8
clean_20260605_215730_687926.jpg,adv_20260605_215843_958127.jpg,43.79
clean_20260605_215730_687926.jpg,adv_20260605_215848_819475.jpg,43.83
clean_20260605_215730_687926.jpg,adv_20260605_215852_690638.jpg,44.41
clean_20260605_215730_687926.jpg,adv_20260605_215857_082744.jpg,44.65
clean_20260605_215730_687926.jpg,adv_20260605_215900_620554.jpg,44.65
clean_20260605_215730_687926.jpg,adv_20260605_215903_720048.jpg,44.67
clean_20260605_215730_687926.jpg,adv_20260605_215909_062375.jpg,44.61
clean_20260605_215730_687926.jpg,adv_20260605_215916_342726.jpg,44.67
clean_20260605_215730_687926.jpg,adv_20260605_215920_532905.jpg,44.34
clean_20260605_215730_687926.jpg,adv_20260605_215924_597056.jpg,44.37
clean_20260605_215730_687926.jpg,adv_20260605_215932_155746.jpg,44.28
clean_20260605_215730_687926.jpg,adv_20260605_215936_620273.jpg,44.59
clean_20260605_215730_687926.jpg,adv_20260605_215939_969450.jpg,44.57
clean_20260605_215730_687926.jpg,adv_20260605_215945_620841.jpg,44.54
clean_20260605_215730_687926.jpg,adv_20260605_215949_643689.jpg,44.26
clean_20260605_215730_687926.jpg,adv_20260605_215955_329492.jpg,43.43
clean_20260605_215730_687926.jpg,adv_20260605_220000_522410.jpg,46.06
clean_20260605_215730_687926.jpg,adv_20260605_220003_401347.jpg,43.54
clean_20260605_215730_687926.jpg,adv_20260605_220008_438069.jpg,43.6
clean_20260605_215730_687926.jpg,adv_20260605_220015_985705.jpg,43.43
clean_20260605_215730_879536.jpg,adv_20260601_200722_033489.jpg,37.93
clean_20260605_215730_879536.jpg,adv_20260601_200726_985328.jpg,23.6
clean_20260605_215730_879536.jpg,adv_20260601_200732_790092.jpg,64.74
clean_20260605_215730_879536.jpg,adv_20260601_200735_190392.jpg,55.98
clean_20260605_215730_879536.jpg,adv_20260601_200737_438642.jpg,33.95
clean_20260605_215730_879536.jpg,adv_20260601_200740_257993.jpg,33.44
clean_20260605_215730_879536.jpg,adv_20260601_200742_857943.jpg,52.72
clean_20260605_215730_879536.jpg,adv_20260601_200745_536431.jpg,49.61
clean_20260605_215730_879536.jpg,adv_20260601_200748_060134.jpg,46.21
clean_20260605_215730_879536.jpg,adv_20260601_200750_768035.jpg,55.48
clean_20260605_215730_879536.jpg,adv_20260601_200753_275939.jpg,55.65
clean_20260605_215730_879536.jpg,adv_20260601_200755_934735.jpg,57.19
clean_20260605_215730_879536.jpg,adv_20260601_200758_560376.jpg,57.23
clean_20260605_215730_879536.jpg,adv_20260601_200801_309674.jpg,57.47
clean_20260605_215730_879536.jpg,adv_20260601_200804_016125.jpg,57.65
clean_20260605_215730_879536.jpg,adv_20260601_200806_798043.jpg,57.59
clean_20260605_215730_879536.jpg,adv_20260601_200809_331978.jpg,56.65
clean_20260605_215730_879536.jpg,adv_20260601_200811_983553.jpg,53.41
clean_20260605_215730_879536.jpg,adv_20260601_200814_628342.jpg,54.0
clean_20260605_215730_879536.jpg,adv_20260605_215748_101872.jpg,31.27
clean_20260605_215730_879536.jpg,adv_20260605_215750_533919.jpg,30.93
clean_20260605_215730_879536.jpg,adv_20260605_215752_721990.jpg,43.31
clean_20260605_215730_879536.jpg,adv_20260605_215755_307287.jpg,43.07
clean_20260605_215730_879536.jpg,adv_20260605_215757_810874.jpg,44.5
clean_20260605_215730_879536.jpg,adv_20260605_215800_592501.jpg,44.99
clean_20260605_215730_879536.jpg,adv_20260605_215803_081455.jpg,45.01
clean_20260605_215730_879536.jpg,adv_20260605_215805_938313.jpg,45.1
clean_20260605_215730_879536.jpg,adv_20260605_215808_796071.jpg,45.37
clean_20260605_215730_879536.jpg,adv_20260605_215812_986796.jpg,45.25
clean_20260605_215730_879536.jpg,adv_20260605_215818_237625.jpg,45.44
clean_20260605_215730_879536.jpg,adv_20260605_215823_308924.jpg,44.95
clean_20260605_215730_879536.jpg,adv_20260605_215829_145319.jpg,44.08
clean_20260605_215730_879536.jpg,adv_20260605_215834_137085.jpg,43.04
clean_20260605_215730_879536.jpg,adv_20260605_215838_559498.jpg,43.54
clean_20260605_215730_879536.jpg,adv_20260605_215843_958127.jpg,43.52
clean_20260605_215730_879536.jpg,adv_20260605_215848_819475.jpg,43.56
clean_20260605_215730_879536.jpg,adv_20260605_215852_690638.jpg,44.14
clean_20260605_215730_879536.jpg,adv_20260605_215857_082744.jpg,44.39
clean_20260605_215730_879536.jpg,adv_20260605_215900_620554.jpg,44.37
clean_20260605_215730_879536.jpg,adv_20260605_215903_720048.jpg,44.39
clean_20260605_215730_879536.jpg,adv_20260605_215909_062375.jpg,44.32
clean_20260605_215730_879536.jpg,adv_20260605_215916_342726.jpg,44.38
clean_20260605_215730_879536.jpg,adv_20260605_215920_532905.jpg,44.06
clean_20260605_215730_879536.jpg,adv_20260605_215924_597056.jpg,44.08
clean_20260605_215730_879536.jpg,adv_20260605_215932_155746.jpg,44.0
clean_20260605_215730_879536.jpg,adv_20260605_215936_620273.jpg,44.29
clean_20260605_215730_879536.jpg,adv_20260605_215939_969450.jpg,44.28
clean_20260605_215730_879536.jpg,adv_20260605_215945_620841.jpg,44.25
clean_20260605_215730_879536.jpg,adv_20260605_215949_643689.jpg,43.99
clean_20260605_215730_879536.jpg,adv_20260605_215955_329492.jpg,43.16
clean_20260605_215730_879536.jpg,adv_20260605_220000_522410.jpg,46.07
clean_20260605_215730_879536.jpg,adv_20260605_220003_401347.jpg,43.3
clean_20260605_215730_879536.jpg,adv_20260605_220008_438069.jpg,43.34
clean_20260605_215730_879536.jpg,adv_20260605_220015_985705.jpg,43.17
clean_20260605_215731_087715.jpg,adv_20260601_200722_033489.jpg,38.21
clean_20260605_215731_087715.jpg,adv_20260601_200726_985328.jpg,23.75
clean_20260605_215731_087715.jpg,adv_20260601_200732_790092.jpg,64.54
clean_20260605_215731_087715.jpg,adv_20260601_200735_190392.jpg,55.83
clean_20260605_215731_087715.jpg,adv_20260601_200737_438642.jpg,33.85
clean_20260605_215731_087715.jpg,adv_20260601_200740_257993.jpg,33.37
clean_20260605_215731_087715.jpg,adv_20260601_200742_857943.jpg,52.54
clean_20260605_215731_087715.jpg,adv_20260601_200745_536431.jpg,49.4
clean_20260605_215731_087715.jpg,adv_20260601_200748_060134.jpg,46.02
clean_20260605_215731_087715.jpg,adv_20260601_200750_768035.jpg,55.29
clean_20260605_215731_087715.jpg,adv_20260601_200753_275939.jpg,55.48
clean_20260605_215731_087715.jpg,adv_20260601_200755_934735.jpg,57.06
clean_20260605_215731_087715.jpg,adv_20260601_200758_560376.jpg,57.08
clean_20260605_215731_087715.jpg,adv_20260601_200801_309674.jpg,57.32
clean_20260605_215731_087715.jpg,adv_20260601_200804_016125.jpg,57.5
clean_20260605_215731_087715.jpg,adv_20260601_200806_798043.jpg,57.45
clean_20260605_215731_087715.jpg,adv_20260601_200809_331978.jpg,56.51
clean_20260605_215731_087715.jpg,adv_20260601_200811_983553.jpg,53.25
clean_20260605_215731_087715.jpg,adv_20260601_200814_628342.jpg,53.88
clean_20260605_215731_087715.jpg,adv_20260605_215748_101872.jpg,31.26
clean_20260605_215731_087715.jpg,adv_20260605_215750_533919.jpg,30.93
clean_20260605_215731_087715.jpg,adv_20260605_215752_721990.jpg,43.06
clean_20260605_215731_087715.jpg,adv_20260605_215755_307287.jpg,42.84
clean_20260605_215731_087715.jpg,adv_20260605_215757_810874.jpg,44.31
clean_20260605_215731_087715.jpg,adv_20260605_215800_592501.jpg,44.83
clean_20260605_215731_087715.jpg,adv_20260605_215803_081455.jpg,44.85
clean_20260605_215731_087715.jpg,adv_20260605_215805_938313.jpg,44.96
clean_20260605_215731_087715.jpg,adv_20260605_215808_796071.jpg,45.21
clean_20260605_215731_087715.jpg,adv_20260605_215812_986796.jpg,45.09
clean_20260605_215731_087715.jpg,adv_20260605_215818_237625.jpg,45.22
clean_20260605_215731_087715.jpg,adv_20260605_215823_308924.jpg,44.72
clean_20260605_215731_087715.jpg,adv_20260605_215829_145319.jpg,43.87
clean_20260605_215731_087715.jpg,adv_20260605_215834_137085.jpg,42.86
clean_20260605_215731_087715.jpg,adv_20260605_215838_559498.jpg,43.35
clean_20260605_215731_087715.jpg,adv_20260605_215843_958127.jpg,43.33
clean_20260605_215731_087715.jpg,adv_20260605_215848_819475.jpg,43.36
clean_20260605_215731_087715.jpg,adv_20260605_215852_690638.jpg,43.93
clean_20260605_215731_087715.jpg,adv_20260605_215857_082744.jpg,44.18
clean_20260605_215731_087715.jpg,adv_20260605_215900_620554.jpg,44.16
clean_20260605_215731_087715.jpg,adv_20260605_215903_720048.jpg,44.18
clean_20260605_215731_087715.jpg,adv_20260605_215909_062375.jpg,44.1
clean_20260605_215731_087715.jpg,adv_20260605_215916_342726.jpg,44.15
clean_20260605_215731_087715.jpg,adv_20260605_215920_532905.jpg,43.88
clean_20260605_215731_087715.jpg,adv_20260605_215924_597056.jpg,43.89
clean_20260605_215731_087715.jpg,adv_20260605_215932_155746.jpg,43.83
clean_20260605_215731_087715.jpg,adv_20260605_215936_620273.jpg,44.07
clean_20260605_215731_087715.jpg,adv_20260605_215939_969450.jpg,44.06
clean_20260605_215731_087715.jpg,adv_20260605_215945_620841.jpg,44.05
clean_20260605_215731_087715.jpg,adv_20260605_215949_643689.jpg,43.8
clean_20260605_215731_087715.jpg,adv_20260605_215955_329492.jpg,42.94
clean_20260605_215731_087715.jpg,adv_20260605_220000_522410.jpg,46.0
clean_20260605_215731_087715.jpg,adv_20260605_220003_401347.jpg,43.09
clean_20260605_215731_087715.jpg,adv_20260605_220008_438069.jpg,43.11
clean_20260605_215731_087715.jpg,adv_20260605_220015_985705.jpg,42.98
